customer_id,avg_transaction_value
C6521,3022.219091
C1602,2063.390000
C1524,2206.762353
C1100,2515.874667
C5725,1696.303000
C1571,1998.824615
C3970,2054.343077
C8007,2746.400000
C6966,1786.749444
C2430,2887.857778
C2207,2788.628000
C2367,3651.252857
C8196,1841.320909
C2777,2134.594444
C7299,2834.363889
C7031,2253.949333
C8178,1693.778333
C2320,1881.182667
C9225,2211.704706
C2983,2299.855000
C4932,1623.851111
C1842,2567.854615
C2100,2950.378421
C2843,2588.096667
C5169,1251.250769
C6091,2217.230000
C8907,2695.496471
C5733,2920.568000
C8387,1909.171429
C4276,1817.927778
C8111,2480.199231
C6174,2483.355455
C5236,2277.708571
C8618,1835.731250
C6406,2184.212105
C4980,1660.480909
C4202,1782.076250
C1804,1989.954444
C9587,2251.283846
C4863,3041.830714
C8368,2355.263571
C5219,2733.284000
C8849,1909.598182
C1875,2713.092000
C2490,3490.845714
C5745,2124.376500
C3029,2795.777895
C5934,1960.535263
C3280,1685.083333
C7927,2396.334000
C7995,1295.837143
C6502,2934.277778
C6832,2471.580833
C7413,3407.775556
C2243,2719.202857
C9224,1924.328125
C3620,3033.137500
C3981,2161.104286
C3397,2820.633333
C8230,2365.877333
C1628,1880.474000
C7810,1714.136471
C7341,2690.533077
C9605,2811.006875
C5835,2322.845714
C1305,1695.139091
C3178,2357.532857
C9082,3004.016429
C2846,3110.538125
C3424,2350.850667
C1774,2633.350000
C5839,3641.148571
C5490,2479.964375
C8477,2778.608750
C4566,1921.916842
C4112,2063.918571
C8090,2456.595714
C3109,1741.554375
C5055,1852.233077
C4141,1802.677143
C8112,1991.742500
C9405,2470.719000
C1829,2692.524167
C5984,1938.660000
C5974,4757.512000
C2178,2692.561538
C1482,2331.110000
C7923,2019.693846
C3929,2145.089167
C2744,2486.334706
C1130,2334.439524
C4973,2819.846316
C6198,2221.435714
C2570,1811.280625
C2899,1966.574545
C4362,2440.520625
C5781,1901.371176
C2779,2645.717778
C8661,2144.386364
C3829,2131.041000
C1586,2584.013636
C4330,2358.267000
C6606,3647.551429
C1709,2629.485833
C1665,1667.828235
C1917,2390.532500
C2954,2492.572308
C8666,2316.267000
C9602,3307.868333
C8817,2801.220000
C5607,2341.355833
C1189,1968.525556
C3124,2132.778571
C5017,2908.928000
C5988,3913.592857
C1194,1650.472143
C2539,2431.090000
C4592,3979.799091
C8675,2261.587273
C2218,2667.030000
C6975,3116.218182
C7826,2826.425000
C1814,1427.904545
C6924,2412.184667
C9393,2010.861250
C4598,2997.632500
C3457,1807.066667
C8228,3321.487143
C8075,2683.238182
C9229,3370.427692
C9084,2328.453684
C1212,2182.812500
C1852,2487.840000
C4050,2125.157000
C4105,2467.111538
C6754,3366.483333
C2006,2685.093500
C7977,2440.985000
C7228,2826.995714
C9388,2281.703571
C3202,1670.328125
C7164,2069.187500
C4364,2571.978000
C5872,3073.240000
C2743,2227.966000
C4166,2507.121579
C7479,2708.093077
C6463,2117.870000
C9495,3243.850909
C4909,2664.078750
C7681,2697.555385
C1729,2048.307500
C9760,2496.813750
C1096,1673.966923
C7777,2738.647368
C1358,2634.593571
C7511,2385.265000
C1642,1521.425000
C5461,2472.807000
C6448,2733.378571
C6326,1700.112000
C3842,2445.550000
C1815,2997.013333
C5526,3322.563571
C8803,2423.790909
C1623,3620.993125
C3234,1803.279412
C1520,1451.290000
C9171,2196.027647
C5307,2619.934444
C5421,2418.491538
C7035,2743.537895
C4054,1633.788824
C8241,3666.845000
C8737,3293.171429
C3099,2149.694545
C6165,2089.610000
C7345,3036.846000
C7333,2431.397857
C5418,3843.510000
C5655,2197.366000
C2357,1928.277500
C7054,2636.427143
C3642,1362.337000
C2428,2695.860769
C3927,3814.074000
C4942,2731.680000
C6940,2551.024667
C5323,2452.776667
C9664,3798.632727
C5164,2224.315625
C2650,2659.678667
C9008,2444.806667
C2705,3340.428333
C1704,1688.266000
C2534,2142.835000
C7990,2401.033000
C1195,2863.620000
C5811,2231.069000
C6123,2821.765000
C5855,2286.769000
C5176,2567.623077
C1173,1595.099444
C6087,1691.593333
C8508,987.858333
C6772,2774.075833
C6702,2876.463000
C8433,2070.417895
C9159,2399.231538
C4741,2277.530000
C9182,1732.904667
C8845,2109.722500
C3677,2743.540769
C8473,2464.574286
C5646,2521.215000
C8590,2627.733846
C6762,2720.776154
C2472,2758.700833
C9765,3404.270000
C2508,2765.470769
C8983,2490.322222
C2342,3016.909091
C9534,2681.154706
C6951,1841.973077
C3553,2790.677368
C7949,1897.153636
C6782,2869.836000
C1491,2028.261875
C1454,2744.251538
C8765,1668.451000
C6900,2225.589167
C6681,2859.827333
C7415,2983.244286
C5644,3403.353333
C2425,3168.739167
C5857,3377.356364
C1649,2993.103636
C6715,3093.500714
C2576,3321.420000
C3069,2884.442143
C4708,3328.864375
C2379,1813.172500
C7925,2577.142143
C8300,3973.272143
C4440,3163.810000
C5105,2164.365000
C4171,3013.456154
C9706,1591.937500
C3097,2070.890000
C7579,2988.993000
C8838,2566.072000
C2358,2475.094000
C6748,2625.753333
C3163,2383.311538
C3777,2150.717000
C9014,2956.432667
C7132,2301.984615
C9438,2582.721818
C7615,2216.004667
C2461,2567.411333
C1740,2456.423333
C5411,3173.482500
C3820,2741.061429
C6005,1745.087000
C4286,1657.435000
C3590,2093.618182
C4353,3064.126667
C5170,2256.196667
C1023,1819.110667
C6016,2830.777647
C6417,2565.607500
C1947,2690.272500
C8879,3385.548571
C3001,2683.907391
C2836,2116.585556
C1396,1981.545000
C2270,1718.818571
C9817,2516.780909
C6002,2634.533750
C5262,2317.455000
C1943,2994.616667
C6943,3112.273333
C9130,2227.227333
C1498,3471.345714
C7123,1719.075455
C9780,2558.395000
C5282,2922.822857
C6512,2062.940000
C2766,1930.437857
C6383,3522.243529
C2412,3361.559231
C2566,2095.318462
C4924,1885.760769
C3813,1007.420769
C7907,1842.475556
C1769,1895.642857
C1798,2761.236250
C6845,2625.110833
C3024,2481.455714
C3778,2582.163571
C7190,1286.847000
C8718,2135.494545
C3651,2706.233333
C1337,2019.458889
C4125,2480.566000
C4552,2979.905385
C7263,1371.465000
C6967,2631.995625
C5104,3605.671111
C9612,2514.503846
C5903,2597.545000
C3201,2212.557333
C3046,2487.546364
C5737,1679.026667
C6931,2661.523200
C7424,3510.646667
C4305,3335.524167
C2368,2473.440714
C7001,2677.171429
C8579,2331.086250
C5353,2293.100833
C4915,1821.033077
C5881,2389.770000
C7916,3114.563846
C4628,1810.305000
C9516,3558.911429
C2473,4063.500000
C9896,2859.453000
C5301,2110.965000
C4150,2421.248125
C9296,2462.457143
C5950,2238.085556
C2062,1768.349167
C6985,3216.231053
C4165,2146.904286
C5637,2622.301538
C2120,2363.836923
C9442,3007.801000
C3423,3391.001250
C4640,2605.445000
C8873,1513.729231
C4498,2178.861000
C1114,2461.048462
C8370,2621.780625
C6384,2913.815000
C6974,2122.071765
C5241,2641.494615
C9051,2036.768750
C7234,3014.972222
C9569,2520.614286
C1703,2096.054000
C3033,2679.236000
C7892,2543.685385
C1955,1952.806667
C3579,2748.311818
C1036,3288.578182
C5874,2544.210769
C8774,2158.719000
C7733,1678.804167
C2792,2837.611667
C7083,2211.226250
C9256,2600.857500
C9791,1466.475000
C5948,1627.375000
C9687,3444.581111
C4288,3038.323333
C7194,3868.578125
C8568,3351.448667
C6042,2042.658889
C8132,3468.244000
C9096,3020.574615
C3645,2468.110000
C5532,2177.372857
C8679,2675.288235
C8780,2125.334444
C9776,2323.985385
C3913,2994.583333
C7771,3661.466000
C7379,2129.568571
C7370,2506.703333
C8794,1289.242308
C1321,1983.541667
C4786,2678.376000
C1918,2015.537647
C6119,2840.167143
C6861,1650.487778
C1127,2123.002632
C3463,2773.135714
C1328,2791.046364
C7385,1649.325882
C9892,2940.849500
C3343,2704.280000
C1343,2480.734000
C5239,2446.178182
C1934,2223.672500
C2724,1945.142000
C4036,2493.544444
C4916,2549.292000
C8208,2142.695714
C2988,3276.855556
C7104,1888.840909
C4473,2996.582308
C4346,2120.112000
C1542,2346.273000
C3070,2178.938889
C7420,2281.881667
C2075,2962.060000
C2203,2125.516154
C9444,2443.141875
C7493,2976.454737
C6360,1878.671250
C1732,2856.165714
C3533,1986.821000
C7524,2375.248824
C4831,2408.191875
C9666,2774.014167
C9075,2243.732000
C7584,2000.532667
C4117,2561.370000
C1608,2306.060909
C5340,2882.356250
C2249,2128.073750
C9767,2110.718182
C3999,2207.369375
C7497,3106.606667
C2857,1959.219286
C8052,3240.032500
C7502,1869.827143
C1937,2193.012105
C1507,2705.120667
C3459,3135.115625
C9944,2604.435385
C5163,2588.524167
C3835,2523.984737
C9232,1608.002222
C9503,2260.287692
C6034,1849.947143
C7580,3084.818889
C9314,2767.093333
C3896,2668.043333
C3007,3211.240769
C2926,2391.986250
C6240,3018.656154
C8556,2614.565833
C7833,2829.019231
C2492,1737.853846
C3719,2017.752727
C2009,2698.191667
C2406,2377.158824
C4103,2554.854000
C1485,1323.014444
C3960,2561.533077
C1570,2941.913077
C1359,2563.267333
C4254,2953.267000
C9478,2284.278667
C6154,2228.330000
C1817,1951.191429
C9153,2205.541429
C8055,2703.418462
C1600,3116.537273
C8073,3411.402000
C6576,2748.585000
C6438,1581.482000
C7758,4061.106000
C1526,3243.220000
C1952,2903.530000
C1209,3284.019167
C5888,2569.166190
C1020,2120.163571
C2643,1115.948000
C5760,2052.616364
C3363,2761.927143
C9079,2398.389286
C1066,2334.605000
C3061,2579.835000
C6472,3597.810000
C6554,2614.987778
C8557,2291.317500
C2416,2952.421429
C1322,2295.110909
C4292,3633.001875
C5147,3446.390000
C3211,2966.560000
C1558,1788.595714
C6314,3090.551875
C7402,2169.451333
C6278,2855.819333
C6415,2687.493158
C4667,2205.050000
C4070,2833.488824
C4597,1699.151667
C5847,1447.672500
C8298,3245.373077
C4866,2233.630000
C5808,2596.191905
C4414,2725.635000
C7075,2691.517000
C4520,2242.293571
C2872,2432.334444
C3349,3188.634000
C1717,3043.840000
C9852,1800.362500
C5138,2562.216667
C6856,3767.053333
C3329,2898.249286
C2932,1429.104444
C9464,2584.124167
C6269,2878.323000
C6853,2137.930000
C6471,2499.260000
C1893,2349.175882
C8343,2449.103571
C3940,2515.273529
C2607,2891.350000
C5003,3629.297778
C5261,1728.637273
C9301,2175.558462
C8303,2935.406875
C8374,2126.625385
C9539,1919.535556
C5223,1893.176364
C4324,2876.580000
C8512,4514.773333
C3126,3138.272500
C3327,1585.480769
C2122,2445.607273
C9712,1669.482000
C4359,2557.673333
C7659,2900.541667
C9013,2668.653571
C6793,2945.268182
C7043,2356.413571
C5527,2203.652500
C9627,2010.284118
C1186,2828.860909
C6859,3008.175455
C5101,1439.655385
C4974,3487.910000
C3071,2325.637500
C8969,3461.350000
C6380,3173.294000
C8962,1889.016250
C6687,2327.900000
C3658,2848.117647
C7251,2176.533158
C2598,3916.387500
C2457,2342.023636
C9693,1643.851667
C5191,2324.742000
C3357,3457.626429
C4441,3027.897647
C9781,3271.650000
C3245,2190.566250
C5791,2007.666667
C5606,2595.025000
C6593,2697.071176
C7365,1733.819091
C9888,2831.555714
C4268,2870.460000
C8160,2149.177692
C7116,1642.004167
C9064,2343.321250
C9048,3008.118000
C2440,2422.095000
C6056,2374.955000
C9680,2324.735714
C5141,2601.529000
C8022,3369.230833
C4875,3143.329091
C9408,2535.888750
C3973,2171.796429
C4783,2867.312500
C7172,1698.345000
C5517,1982.960000
C9778,2875.820909
C9979,2544.554167
C9622,2304.653846
C4447,3659.737000
C7611,2465.377500
C9959,3310.723333
C5568,1515.093333
C7863,3182.352727
C9788,2533.275000
C4022,1955.362222
C4136,2682.800000
C4204,2974.753529
C1240,4017.911667
C3976,2766.736364
C6929,2527.967500
C9591,4307.560909
C2966,3473.345000
C5110,3299.822000
C2161,2631.568333
C2340,2579.058333
C1030,3005.900714
C7944,2694.940714
C1587,2018.449231
C7343,2669.669000
C4793,2075.530000
C5165,2163.812222
C7531,2837.193333
C8011,2143.017500
C2977,2474.099412
C5708,3197.261000
C6027,3470.363000
C5664,2615.200000
C1662,1812.872727
C9146,2818.145000
C6672,3184.930667
C6875,3017.558889
C3952,3065.013077
C4774,2971.793529
C4575,2631.317273
C6699,3422.594615
C3948,2993.976250
C2529,2886.048667
C7553,2285.650833
C5117,2112.164667
C7844,2890.617778
C4969,2463.202667
C2287,2264.755000
C3594,2091.031111
C8930,2774.694167
C3487,2456.420667
C4865,2710.419333
C1462,3366.463077
C9904,2231.405625
C9879,1977.272778
C1156,1970.800000
C4898,2033.293000
C6148,2537.862500
C2637,2257.471875
C8861,3047.760000
C9017,2335.337692
C7352,2342.942000
C8673,2323.935833
C1076,2795.561538
C2549,2201.326667
C3975,2608.828333
C9252,2060.953077
C2047,2411.885556
C6430,2777.293000
C7079,2359.085000
C1873,2782.474000
C3042,2121.022000
C3200,2432.804375
C1118,2791.139500
C1688,2840.402222
C8038,2619.201538
C4129,2662.230769
C2376,2429.082667
C8154,2507.250625
C7537,3169.958750
C1332,2579.405000
C6362,2641.683750
C5395,1867.843750
C1759,2432.560000
C4002,3161.656667
C7745,2507.137647
C1859,2075.153077
C1668,2913.163571
C5450,3291.902857
C5121,2700.857778
C3859,2196.010000
C5968,3225.703000
C9398,2234.717500
C4130,4102.626154
C2438,2462.173158
C4397,2236.133636
C4494,2190.283333
C8588,3073.193636
C6190,2380.775000
C4878,1862.713529
C9502,2837.174000
C4489,2324.995000
C9802,2298.462941
C4825,2484.002000
C6516,2531.424444
C7921,2452.213158
C6712,3167.882727
C4072,2990.731765
C3530,2409.940000
C9190,842.431667
C9371,3275.100000
C3541,1588.662500
C7249,2015.360000
C5651,2704.750769
C8779,3361.192333
C2710,3419.717059
C4513,2447.100000
C7225,3328.938571
C7210,2672.558235
C2875,2242.220000
C3306,2985.183333
C4849,3505.092308
C4727,1673.486923
C3078,2511.697857
C5306,2263.988571
C4753,2533.110714
C5068,1943.840667
C4409,1675.860833
C5814,2943.728000
C4694,1954.074706
C8240,2380.017143
C8043,3318.008889
C6345,3302.945714
C6838,2748.452500
C7544,2616.309286
C5139,3029.242727
C1854,3653.203684
C2151,3848.324615
C1479,1720.440769
C1549,2381.795000
C7898,2917.546667
C6220,1746.961333
C8308,2730.811053
C5767,2672.838571
C5445,2856.440000
C5747,2077.882222
C5969,1594.694286
C8041,2072.583636
C7505,2304.150000
C3758,1766.532778
C8798,2677.426000
C2537,2947.243571
C2012,2682.219000
C3035,3587.762857
C8938,2070.498125
C8169,2751.517500
C6679,2112.866429
C3547,2079.539000
C5341,2881.376923
C4376,3031.785882
C3471,2634.883636
C7338,2466.331875
C7200,2873.315000
C4482,3490.936429
C1552,1780.632222
C6839,2456.725455
C6462,3565.952857
C8715,2095.160000
C3903,2754.304615
C7499,2595.664444
C2396,3073.727857
C8016,2190.497500
C4118,3137.166667
C6411,2302.588462
C1559,2549.295000
C1609,3222.405625
C5266,2188.624000
C9437,3235.575333
C4222,3136.295000
C9684,2309.087857
C3939,1765.282500
C6407,1624.695000
C5081,2525.765000
C1115,1702.521250
C4432,1911.817222
C9409,3364.668667
C5382,2587.210526
C4720,1484.632000
C4541,2407.858947
C8045,3748.750000
C8822,3027.937500
C1409,2637.912667
C2276,3081.884545
C2839,2755.035000
C4660,4394.388000
C8184,2947.860000
C9465,2872.906364
C3483,1989.972308
C8756,2105.217778
C5388,2281.405000
C8279,1963.757692
C5508,3094.058889
C3266,2528.344000
C3161,1492.824444
C1404,1769.812222
C6110,3050.628889
C7354,2049.168182
C6922,2537.382778
C4210,3093.215455
C1908,1463.100000
C1110,2588.097222
C8411,2627.357692
C2884,3347.254000
C9965,2503.373333
C3256,3028.723750
C8355,3573.953333
C8408,1376.068000
C4868,2294.480000
C2146,1999.412727
C4419,1564.149000
C5693,2632.622500
C3272,2225.970000
C9429,2149.425714
C5287,2943.828000
C8547,3208.928750
C8306,2301.662941
C2741,1807.544000
C4888,3009.701429
C6916,1724.002667
C4421,2248.026154
C3945,2261.964286
C9871,2630.564500
C7459,2720.567000
C7432,2098.471818
C8093,2808.993846
C1585,2666.378571
C9596,1617.655333
C9922,2310.251818
C9211,3348.717857
C6342,2396.590625
C8997,3187.341176
C4773,2724.273077
C9824,2787.261250
C6830,2338.645000
C7279,2401.666000
C6305,2019.255000
C6491,2318.566923
C3741,1831.023000
C2339,2105.748000
C5555,1731.171818
C2649,2686.071538
C1239,1002.407500
C2829,1868.434000
C7721,2625.025455
C6451,3063.815556
C5810,795.473333
C2263,2885.397000
C5181,2007.847500
C9387,1894.655000
C4503,2721.504615
C7789,2655.747273
C8533,1525.788462
C6227,2000.344545
C7115,2334.204118
C5150,2999.048000
C8717,2839.086667
C6642,2134.942500
C9206,2858.265000
C1706,1559.034444
C8850,3428.538333
C5177,2823.200833
C9334,2942.295789
C7393,2534.988889
C6981,2390.109000
C3707,2283.754286
C9123,2598.794545
C1690,2325.649333
C4369,2984.124000
C1375,2997.845625
C4424,2498.600000
C3131,2663.422857
C6952,1877.849286
C5270,2336.059286
C4614,2432.523182
C8840,2190.079286
C1543,2680.595882
C1974,2915.355000
C1879,2915.004706
C5052,2844.661000
C7718,1659.924444
C9369,2036.121667
C3085,1544.698750
C5990,2937.238421
C2313,2391.076000
C4431,1793.820000
C4453,2159.787500
C1675,2132.536667
C2072,2556.101429
C8767,1915.772000
C3576,2278.671111
C1574,2947.815556
C9497,2576.795385
C9750,2712.772667
C4941,3740.264286
C3925,2928.723333
C7147,3690.390000
C1601,1693.899091
C3101,2760.673333
C3027,2696.201000
C9506,2362.243333
C3173,4067.000000
C6895,3794.321818
C5595,1812.880000
C8580,1585.831538
C9095,2355.968125
C9316,1769.057619
C7934,1809.263333
C6546,2814.806429
C5462,2223.995000
C5493,2878.019231
C7967,2092.693636
C3387,1801.844000
C7256,3087.382727
C8833,2599.320833
C9864,1909.717143
C6572,2917.019167
C9098,3129.680833
C2097,1792.178889
C6809,3909.883333
C1231,3260.291667
C4265,2745.513571
C3134,2293.630000
C2134,2678.537857
C6508,1933.390526
C2348,2657.435000
C7011,2667.615714
C4908,3125.824706
C5886,3086.615385
C1131,2286.607143
C1951,2144.911111
C4728,1909.192353
C8937,3025.174667
C4604,3342.887500
C9908,2590.937222
C6490,2964.348182
C5787,1977.327273
C7136,2382.012500
C3388,2240.695000
C3717,3604.898182
C8498,2793.975714
C1837,3617.415714
C5312,1749.345000
C5877,3643.915000
C4766,2339.146250
C7175,2782.197000
C5817,3682.825556
C1534,2609.747273
C4950,2106.482000
C5756,3147.537778
C2316,2518.537778
C2452,1394.775385
C7601,2035.851250
C9370,2751.917647
C9479,1807.967692
C8281,2386.018000
C1870,2590.972000
C5113,2753.642727
C9553,1961.000909
C8116,3238.881818
C8518,2844.452222
C9804,2014.042941
C1284,1816.873333
C6266,1908.365000
C8655,2716.732727
C4665,2075.469286
C2617,3021.028571
C7563,2710.891176
C9235,2850.720714
C4951,2749.448667
C7712,2526.460000
C7254,2577.735714
C2474,2774.043125
C2361,2249.038667
C9974,2868.854286
C5376,1988.985000
C7000,1696.846154
C8296,1996.107273
C2255,2122.111818
C8603,2870.225455
C8094,2359.956923
C6106,3194.753333
C2775,2069.258571
C8407,2812.885333
C4003,1494.323000
C4844,2646.154444
C1811,2625.804167
C5906,2462.916667
C3926,2652.409167
C7410,2852.699167
C4284,2616.706429
C4481,2444.244375
C9037,2305.069375
C9474,1835.350000
C2989,2555.073750
C8357,2993.112353
C5845,2167.853478
C3936,1831.580833
C1062,2788.855000
C7093,2344.967500
C8250,2567.910000
C7270,1973.547000
C2904,1684.897500
C8342,2184.868889
C1154,2527.975000
C6530,1894.102500
C2952,3243.838889
C3909,1755.697000
C3402,2981.445000
C5092,2091.953333
C6377,2740.710000
C4311,2290.393333
C4347,2870.228000
C7731,3539.294444
C4743,2606.600000
C8096,2583.142632
C9857,3537.562143
C4025,2936.066667
C2166,2212.137143
C1314,1765.947500
C4497,1340.394000
C9533,2667.388750
C6319,3542.160000
C7428,2500.989375
C9181,2788.504545
C8517,2302.873333
C5234,2492.298000
C1625,1924.688000
C2842,2228.569167
C7073,2981.347273
C5776,2926.918182
C1150,2320.979000
C8834,2643.444545
C1267,1860.037778
C7323,2058.263333
C4578,2887.832273
C7007,2917.635294
C7488,1805.616316
C2236,1659.721111
C2699,2790.933077
C6818,2749.741875
C3243,2232.267857
C2355,2809.057500
C6273,2605.385333
C8616,1664.234667
C8068,2522.454615
C4869,2533.678571
C8217,2065.007857
C2148,2473.841333
C3369,1878.096154
C7682,2723.866923
C2370,2138.050769
C9518,1941.141111
C2007,1796.740000
C5097,2636.402143
C6017,2319.351818
C2469,2967.588889
C9061,2378.971538
C5486,3112.813571
C3079,1589.123000
C4704,2218.870000
C6889,3007.892500
C9552,3004.978824
C7222,2485.114667
C5151,2538.242222
C6630,1937.495000
C6118,3461.288182
C1699,2507.272500
C3118,3440.315833
C6459,1872.175000
C3957,2280.181538
C3916,3208.965294
C2714,2297.446364
C9164,2531.560000
C8104,1646.447500
C9584,2450.424375
C1767,1635.790000
C3625,2034.175385
C1536,2755.030000
C4996,2214.900000
C2129,2494.038333
C7768,3874.651250
C8609,2381.599167
C3090,2124.780000
C5885,2447.824706
C4247,2137.307500
C6677,2670.301429
C8143,2578.773333
C8565,2271.062308
C1001,2073.040625
C6271,1715.735833
C1079,2612.695000
C4044,2169.233000
C6636,2078.546364
C2025,3980.432143
C7140,3220.266667
C9449,3065.114118
C5782,3671.067143
C2940,3840.578182
C5039,2991.658571
C8889,2132.760625
C3263,2620.972727
C8575,2641.406667
C7084,2859.428000
C6400,2002.449286
C4691,2235.492500
C6620,2260.656000
C6183,2550.575714
C4798,2974.476364
C1144,1525.386667
C1349,1826.596875
C7867,2465.638000
C3729,1616.004286
C8032,2444.394000
C9386,2046.002143
C3192,2711.558571
C5479,2363.559231
C1707,2422.308462
C4220,2094.062105
C9434,1864.884000
C4230,2132.535556
C6347,2304.496923
C5702,1879.418182
C6180,2548.279375
C5125,1985.692941
C6078,2413.571429
C8259,2784.157000
C9905,2946.999286
C3009,2025.308125
C4669,2083.832500
C7342,2731.725333
C6813,1875.699231
C1743,2600.650588
C5668,2705.134286
C9685,3208.115556
C8887,1735.125625
C9758,2342.493077
C4775,1611.854000
C3411,2536.953636
C4615,2698.530833
C7646,2339.877895
C8454,2163.892308
C7815,2563.774500
C6722,2303.754615
C5225,2205.757333
C2734,2569.039444
C8821,2644.953000
C3782,2512.155556
C4257,2317.366364
C8941,2400.669412
C9821,3323.877500
C7725,1550.282222
C2117,2936.376667
C5152,3432.258889
C1661,2183.197692
C6309,2026.157778
C8190,3243.326667
C8852,3185.056000
C8634,2148.097143
C9545,2194.706000
C7762,2589.416667
C9205,1962.870000
C3784,1497.263333
C2381,2820.361250
C1473,1962.830714
C4919,2362.934286
C3864,2292.882667
C6850,2748.832500
C7773,1821.563333
C5660,2111.729333
C1932,3771.570909
C6732,1963.845000
C8949,2260.630909
C1055,1938.252500
C4405,2409.646429
C4082,1975.105333
C4267,2197.301333
C3482,1923.846000
C6971,2633.957647
C2065,2543.117143
C5314,2480.829000
C1119,3067.897143
C6777,3245.654615
C5868,2065.466000
C8965,2031.962857
C6405,2093.266429
C4164,2116.876667
C2230,3253.244667
C9514,2895.742778
C3550,2256.859231
C6617,2545.568125
C7861,3193.884000
C8166,2525.474286
C8481,2092.085455
C1086,3152.180833
C3865,2648.297333
C8385,1590.167500
C6140,2312.916000
C5031,2731.641538
C9208,1692.643636
C4034,1752.545714
C5137,2406.408947
C3738,1948.066000
C5339,3491.643125
C2813,2460.188333
C2254,2593.578125
C4787,2760.877500
C2764,2998.751667
C7850,2795.220000
C7319,2128.639000
C5565,1703.684286
C8383,2306.578000
C5203,2371.197273
C6807,2725.829091
C5062,3469.346667
C2519,2398.085000
C2421,3076.286364
C6573,3538.315333
C1081,2839.892143
C4180,2450.069333
C8775,2326.522000
C6600,1935.285455
C5356,2800.231429
C2465,2800.195714
C3734,2209.639333
C2575,3171.877273
C6500,4229.905000
C6622,2961.005714
C2733,2681.563077
C5061,2480.412857
C5748,2852.595556
C9269,2347.929000
C1290,2221.830625
C4654,3962.925000
C1844,3466.110000
C4677,1700.279500
C6524,3208.586667
C7022,2705.764000
C5870,2091.238750
C6973,2330.035000
C1855,2991.013750
C6826,2323.091818
C9720,2442.955714
C1827,3121.676000
C3685,3372.793333
C7247,2988.272353
C4177,2686.093333
C9101,2527.235000
C9253,2100.863684
C2233,2031.097857
C9421,2942.898750
C4500,2189.866000
C1910,2420.555000
C2248,2391.193000
C9511,1051.017143
C3513,2252.404375
C3713,2314.252083
C7951,2771.179545
C5583,3472.917059
C9237,1807.120000
C6569,2473.016000
C6015,1832.444615
C6111,2516.970625
C2512,2037.823333
C1181,2657.347143
C6441,2451.036923
C1109,1816.790714
C3644,2064.087857
C9368,3512.995000
C1723,1803.535000
C4624,1944.451111
C3962,2554.155294
C3358,2059.573333
C9849,2059.425000
C1053,2414.112500
C5602,2420.586000
C9367,1626.840000
C5850,2849.673333
C9271,2101.728667
C6187,1852.608000
C6386,3079.237273
C5942,1990.601818
C7982,3180.379231
C6437,1824.125789
C8987,2895.752857
C6734,2539.476250
C7871,3865.221250
C9807,2572.568571
C8278,3022.386875
C4603,1575.720000
C4564,2609.895000
C1599,2485.296667
C1386,2877.127273
C6641,3157.006875
C9024,2548.925556
C3993,2770.589286
C9920,3048.480000
C6445,2748.212667
C8157,2788.167500
C7803,1420.755000
C3631,2918.378750
C2479,2596.842000
C1547,2103.449091
C6788,2037.145000
C8528,2364.965556
C3285,1975.287778
C7865,2711.061818
C1283,2697.670000
C9702,3615.340000
C8376,3424.053333
C4355,2514.365385
C3826,2628.207647
C5344,3331.817333
C6625,2097.006875
C7958,1286.099167
C1304,1415.054615
C6921,1797.986923
C5346,2054.690000
C1618,1104.061538
C3632,2415.976364
C9818,3034.547059
C4548,2270.604444
C8214,1753.645294
C8922,3698.900000
C3167,2132.911176
C6296,2103.884444
C5529,3087.054118
C4705,3458.486000
C8409,2816.434286
C9366,1851.739286
C2892,1874.229167
C8402,2662.888571
C5018,2532.682857
C4377,2696.932857
C9139,2369.952500
C1008,3193.709286
C2018,3074.171667
C4537,3736.198889
C1056,1456.533636
C2298,3029.950526
C5711,3546.373333
C6242,1999.012857
C8364,2033.096429
C4031,2595.040000
C6852,2410.482500
C9310,2203.141250
C1933,2906.006667
C2432,1860.568750
C6844,1978.885000
C4635,2414.566154
C1694,2754.260000
C9551,2496.533125
C2119,1772.610000
C2543,2093.596000
C4052,3339.499286
C8131,2291.217500
C2219,2515.825333
C5997,3006.674167
C2852,2646.060000
C7344,1711.095455
C5377,1048.265000
C2252,2064.557000
C2591,2572.917857
C2785,2005.985455
C2765,2449.874000
C4546,2556.317857
C4493,1824.544167
C1348,1952.068824
C1263,1976.152727
C8314,2701.240909
C6522,2388.090000
C7654,2144.824615
C9984,2891.854375
C8544,3856.977778
C2925,1625.030625
C1157,2003.524118
C9482,2195.424737
C2568,1740.537778
C5127,2287.567143
C6318,2304.114615
C5891,2048.570000
C4381,1857.771429
C6880,2738.804118
C5220,2499.837500
C8919,2391.785385
C5235,2138.176429
C6433,2822.007778
C6760,4714.612857
C6336,3619.883333
C2253,2391.440000
C2577,3835.550000
C2051,1930.938889
C1796,3061.729091
C2970,3184.591176
C3465,2480.906000
C2055,1680.204545
C1355,2450.422778
C5816,2254.610714
C9638,1448.930000
C8841,2075.557273
C9011,3348.843571
C8637,3617.020000
C2782,3963.675000
C8420,1667.986667
C4514,2419.275000
C7246,3589.087333
C4701,1153.385000
C3630,3249.096364
C4004,1788.398235
C5194,3778.644545
C3780,2372.528125
C2014,2020.898750
C9401,2496.737368
C1294,2033.520000
C5435,2650.692500
C4724,2483.723571
C6836,1823.047500
C2189,2792.791250
C2864,2734.207500
C8034,2800.522353
C7935,2663.177778
C5753,2094.017500
C3721,2180.372000
C8395,3043.103125
C1863,1942.540000
C1629,3714.648182
C5717,2435.715385
C9679,2777.924286
C5212,2336.236250
C8405,2273.385714
C4273,2712.783750
C7363,3151.150588
C1249,3022.663333
C9176,2150.905455
C7534,3202.131818
C9103,1601.710000
C2921,2756.811667
C1385,2920.738462
C6197,1722.484444
C5703,1778.681111
C9858,2291.288571
C4128,3342.141429
C2964,2689.560000
C4931,2194.391111
C1394,2646.460714
C8699,2926.437647
C1028,2108.027500
C9603,3337.221000
C5412,2342.931667
C2838,3087.959286
C1684,2596.061333
C2493,2385.314500
C7013,2413.171538
C4331,2814.345000
C4674,3215.388889
C1876,2007.592857
C3354,2361.777000
C5641,2805.596429
C5102,2884.397500
C9798,2338.796667
C9215,2468.411538
C3895,2688.604000
C4568,2167.384000
C5442,2436.940833
C5627,2917.632500
C6049,2785.343750
C3698,2957.102500
C1502,1540.483750
C2683,3048.482500
C2840,2337.526875
C7082,2593.836667
C3763,2661.545000
C8264,2376.221429
C3053,1336.454444
C5661,2701.042632
C4954,1860.960909
C8204,1789.848182
C3432,3529.238571
C8658,2847.800000
C6955,1761.835000
C9563,2778.395000
C7349,2382.289375
C4229,2253.482308
C9863,2509.233182
C1237,1968.217000
C1839,2517.866471
C4199,2236.153000
C9886,2115.590000
C3955,2243.406154
C4318,2389.854444
C3647,2739.188182
C2482,2462.695714
C2336,2598.155000
C6495,2678.651538
C3858,3215.064167
C9670,3085.744737
C7214,3184.333333
C1582,3815.760000
C1433,1550.111667
C3066,3185.445000
C1915,1918.673846
C7705,2565.715714
C9756,2792.667273
C6194,3557.128333
C1521,2309.302727
C1768,3517.924375
C9673,3138.903125
C9165,2546.839375
C1041,3168.687692
C6814,3832.913000
C3910,2826.737692
C7261,2622.402667
C1801,2694.108571
C2158,2676.467059
C3440,2620.816842
C5578,2419.478889
C5179,2285.668000
C5183,1962.125333
C4965,1958.337692
C2826,3016.370714
C8427,2484.950000
C9006,3108.028889
C2267,2130.587273
C8998,2809.416667
C5054,2590.463889
C9170,1648.873846
C6113,1761.849000
C9598,3253.130000
C9099,2929.602353
C3911,2169.792857
C4763,2661.613846
C8748,2865.519091
C3422,3281.751250
C5178,2524.275714
C6736,3114.034286
C3185,2294.614000
C6980,2487.553333
C2293,2460.820000
C4551,2504.580000
C8896,2977.168750
C3209,3398.618462
C8643,2770.166429
C2882,2145.758462
C2861,2509.074000
C5492,2578.747895
C4316,2629.474545
C6570,2106.754615
C4386,2131.312000
C6238,2121.473571
C1595,2233.287500
C5381,1782.552000
C4616,2276.438125
C6912,3489.874375
C9162,2098.399286
C4528,3175.891111
C2043,3210.164000
C2673,3006.072000
C6653,2780.043333
C6731,2496.281250
C3779,2604.819091
C9625,1647.545385
C3156,2319.482727
C9515,2656.123571
C9057,2054.336154
C7063,3207.758000
C7086,2551.259231
C5494,1976.411333
C3821,1736.556154
C1631,2951.313333
C7401,2310.117727
C6542,3169.832353
C9769,2838.322727
C9185,1829.597826
C7006,2120.871000
C7570,3149.881000
C5560,3046.999333
C5976,2024.082000
C3851,2909.850000
C3538,1615.800000
C5487,3221.729000
C2302,2680.045556
C1686,2634.536667
C8174,3189.425455
C6928,3318.046000
C2962,1929.713333
C7495,3687.771538
C3019,1720.540000
C2392,1893.267500
C2180,3285.068571
C8382,2342.696250
C6529,2523.576667
C9450,3337.048750
C9458,2730.736667
C6718,2231.396154
C6112,2106.275294
C2629,2473.635833
C6587,2607.716364
C3831,3091.147333
C3162,2158.182000
C9576,2453.859000
C3159,3180.189167
C6168,2419.673636
C7714,2512.746250
C7893,1418.751667
C3870,1992.687222
C8511,2477.776316
C6152,2438.542857
C7518,2243.206316
C4065,1644.252857
C4190,2956.577500
C1891,2718.948182
C8791,2674.313846
C7778,3466.514000
C3528,2422.720000
C9707,2145.517500
C8589,2334.953889
C6331,1978.684545
C3898,2309.130000
C4097,2517.031250
C3532,2785.655417
C3197,2577.642500
C2494,2606.468000
C8087,2636.381818
C2193,2610.079091
C8404,1192.982941
C1961,2093.595000
C4734,3448.103750
C8189,1984.514545
C6954,2110.803636
C5935,2823.580833
C8856,2356.375714
C4934,2916.920833
C3690,2152.857778
C5389,2282.644706
C5100,2368.406154
C5116,2514.305385
C7911,2044.521000
C1797,2395.888750
C2923,3552.430000
C4485,2728.846667
C2999,3583.275333
C8617,2877.155556
C1591,1961.126250
C8818,2330.389167
C5715,2193.607500
C9212,3518.571429
C5957,1944.637692
C3352,2235.746250
C2092,2037.637500
C3669,2410.093750
C6429,3018.145714
C8482,3000.630000
C3492,2637.956923
C8705,3101.314000
C9430,2406.648000
C9275,2469.571538
C8898,1997.024667
C6898,2237.256667
C6185,3145.364667
C4340,2637.760000
C4492,3356.554167
C7874,2120.908500
C3277,1590.489000
C7616,2818.742143
C1674,2146.050833
C2364,2875.389231
C3258,1400.670000
C7896,3003.537273
C5370,2557.959231
C7406,2259.017143
C9726,2261.308750
C8749,2146.153636
C7436,2650.801538
C2362,3192.847273
C9520,2058.843636
C6689,2983.621250
C2827,2749.810000
C4917,2319.717778
C5162,2956.962500
C4155,1935.957222
C4607,1910.870000
C8091,2113.894545
C2656,2999.516154
C4530,2735.624286
C4116,1847.978333
C4751,3609.197273
C2526,1990.817500
C8698,2510.451429
C4586,1264.272143
C5914,2450.417273
C3344,2056.307647
C7700,2169.112222
C6325,2918.809000
C1889,1576.924000
C6466,3328.150625
C2390,2512.523846
C2638,1853.512857
C9913,2118.717000
C3180,1729.721667
C9373,3167.729000
C8672,2124.676667
C7592,2090.028571
C9782,2525.331333
C2603,2381.917273
C5806,2624.057333
C3756,2701.330000
C5460,1441.831667
C1336,2953.171000
C1627,2919.400000
C7906,2370.674545
C3181,2479.791000
C2387,2866.960000
C3365,3133.235625
C8985,2628.175000
C2665,2475.942500
C4569,1743.331667
C4173,3188.837500
C7076,2849.764286
C3817,2039.317273
C2781,2325.573077
C8257,3144.635833
C1187,2294.031765
C6902,3256.479333
C1004,1581.884545
C8366,2355.679444
C4843,3009.711250
C8871,2057.451364
C1753,2236.067222
C1824,3488.079231
C6132,1767.446667
C6786,2277.775789
C6665,3421.706429
C8876,2840.853846
C9787,3046.611429
C7109,2016.898889
C3710,2423.906429
C7722,2606.408333
C6268,1575.484000
C3676,2426.866250
C7434,2197.120909
C1535,2467.523158
C1146,3193.733333
C9136,3520.293000
C5652,2878.764444
C5742,2193.388824
C2606,2425.850833
C2798,2034.928333
C4188,2795.225556
C3451,2348.732941
C8128,2679.345000
C4631,2632.110769
C2938,2599.065000
C5859,2543.353636
C1792,2525.755000
C1058,2676.123750
C8903,3240.586250
C3460,2193.460000
C2366,2045.704706
C5716,1913.262727
C5004,2312.209091
C2816,2333.063684
C5673,2366.368889
C2584,2054.700000
C4666,2512.479130
C9700,3570.056471
C4765,2479.841111
C9925,2818.206667
C8551,2428.227500
C1461,1916.154375
C2505,2891.837143
C1318,2780.312667
C7206,2374.207000
C4989,2286.637333
C3806,2288.308182
C5777,2023.818125
C6332,3551.556667
C9193,2806.489286
C7445,2582.809333
C1345,2514.664615
C9389,2004.794000
C2418,2617.441429
C9213,2345.718750
C5827,1614.852500
C6398,2961.718571
C5096,3196.970000
C6320,3270.299000
C6177,1499.774286
C3404,2059.413333
C7806,2165.855000
C1903,2759.008667
C4474,2735.426154
C7673,1537.798750
C3039,2576.707000
C1256,3474.257143
C2547,2288.838000
C7285,2315.676667
C7711,3164.896364
C1169,2326.810000
C2195,2446.748095
C6096,2629.872857
C8008,2758.538889
C9543,1731.481000
C1726,2064.055000
C2688,1595.261818
C5805,1911.877778
C6261,2721.269286
C6195,2295.895556
C5504,2136.621818
C8367,1872.223077
C2234,2060.702500
C7688,2862.155714
C9335,2486.207222
C9033,3059.477778
C8772,1797.666154
C9425,2586.086923
C1780,1883.404286
C1388,2126.041765
C2689,2714.059375
C7913,1575.685000
C9570,1911.384167
C7334,2605.405000
C6054,1975.950000
C6300,3055.196364
C3331,2624.523846
C6571,1973.205714
C9343,2585.722000
C8362,2668.771667
C5775,3152.077333
C4750,2566.043529
C5264,2148.708571
C9701,1987.970000
C2168,2649.752381
C6787,2900.111429
C3636,2989.091875
C5749,2723.635000
C8147,2945.438182
C3481,2871.488462
C8916,2143.620000
C2524,3706.232308
C8676,1603.999091
C3982,2566.431818
C2422,3020.024000
C2402,2916.870000
C7647,3383.425000
C4236,2300.295000
C7307,1953.369091
C8029,2133.594615
C6477,2904.645000
C6150,2666.074167
C6114,2793.466923
C3136,3417.316667
C8135,2611.703889
C1806,3122.662500
C6670,2147.230000
C7127,3376.730000
C5662,2615.683333
C2488,2371.922500
C6310,3247.906250
C6945,2502.048333
C3333,3731.053636
C2823,2277.216000
C3954,2068.383077
C5854,3469.093333
C3554,2395.716667
C5838,2603.937000
C2222,2816.698571
C9556,3590.872500
C3204,2120.966667
C7820,2053.612105
C6517,1994.856111
C9626,2408.879091
C7750,3410.179412
C4478,1680.057778
C3383,2502.360000
C7939,2677.122778
C3641,4448.370833
C9297,2241.277059
C3446,1973.877500
C8552,2070.738333
C7784,1907.462667
C2311,2534.183333
C2167,2186.003750
C2639,2105.248125
C9528,2346.210714
C4610,2789.127222
C8323,2376.382500
C9219,1886.248462
C5584,1786.418235
C4957,3191.137778
C6068,2192.868462
C1660,2871.464545
C1450,2986.981538
C7938,2091.021538
C8652,1832.802500
C8294,3114.365714
C5237,2388.329474
C7049,3983.318000
C1193,3515.055455
C3507,2017.510000
C4803,1773.820000
C8759,4296.276923
C4914,2841.170000
C5951,4185.623000
C3559,2406.497500
C8421,1905.317143
C1280,2633.065385
C1728,2465.847273
C1341,3181.855789
C2593,2664.883077
C2417,2586.458571
C3938,2674.331538
C7957,3354.432727
C5704,2361.675000
C6964,1821.545000
C8244,2377.138750
C1468,2555.988333
C8812,3192.818500
C5260,2260.410000
C6750,3428.828333
C6281,2851.662000
C8074,1671.876429
C2258,2403.107692
C8451,2580.912308
C8327,1787.293125
C5499,2888.960667
C8084,2486.162143
C2453,2356.448667
C8349,2116.068889
C7244,2168.329286
C3883,2328.291429
C9884,1557.788571
C4554,1955.201333
C5267,2340.920714
C6108,3338.191429
C4936,3631.638000
C6709,3735.555714
C2627,2246.916000
C1998,3090.644615
C5944,2681.503750
C9392,2466.917895
C1051,1707.654286
C5033,2956.175000
C7501,2535.828889
C7936,1452.859167
C2847,2638.284000
C5820,3004.659231
C7888,2468.443333
C7197,1806.560000
C3597,2186.466000
C5893,2205.962500
C5856,3795.124444
C4371,2971.002941
C4580,2562.405625
C4768,2414.626250
C4722,2616.952500
C8764,2762.885263
C3337,2426.000833
C5842,2962.989000
C6685,2385.619412
C4638,2033.890769
C6992,1682.318462
C7542,2266.764615
C7446,2370.209000
C5438,2301.329333
C5726,2927.855000
C6556,2515.417692
C1527,2044.780000
C7811,3232.798667
C2319,2374.591667
C1312,2050.280000
C8745,1204.985455
C5231,2465.558125
C3170,1860.215556
C4194,1985.542857
C6003,3253.922000
C2946,3353.152500
C6339,3292.918125
C7226,3463.816111
C3585,3245.183500
C5992,2538.407143
C1568,2135.560909
C9833,2445.467500
C7107,1967.651667
C6410,2555.626429
C9559,2292.984286
C3728,2335.460000
C5002,2420.825333
C4709,2881.103889
C2056,1507.463000
C2735,3099.798000
C9448,2733.960714
C4100,2639.498889
C6351,2871.171053
C1179,3197.599231
C8256,2567.240833
C5014,2649.615000
C2713,2283.326800
C7953,2508.324000
C6275,4448.237500
C3083,3052.603750
C3566,2428.740769
C8109,2351.526364
C7652,2221.505714
C1291,2775.981333
C7278,2004.175000
C5543,2936.864118
C7137,2914.283750
C1293,2619.302143
C8555,2867.273000
C6897,3030.443077
C8331,2784.136923
C9353,2968.479375
C5095,1501.990769
C9928,2140.404286
C7158,1976.190769
C3158,1495.430000
C2915,2360.712500
C5299,2144.015000
C1646,2070.408125
C8335,2233.987500
C6468,2775.063529
C6977,3304.664286
C1204,3046.986923
C3472,2076.404286
C8282,2996.636364
C5085,2923.510000
C2809,2222.095000
C2889,2348.881538
C6161,3200.696667
C8525,1879.933333
C1964,2748.745385
C4162,2978.050769
C2209,2854.257143
C2217,3621.040000
C5086,3371.043077
C6795,1872.870000
C2153,3308.720000
C4009,2731.462500
C2284,2249.732000
C3807,3056.838333
C4174,1993.854000
C4329,2510.205000
C8860,1025.986667
C8636,2044.813636
C3726,2584.117857
C9076,3612.154000
C3268,2980.506364
C5642,2386.691500
C7078,3067.195500
C7484,2692.343529
C4629,2944.975000
C4746,2747.095333
C8152,2922.145000
C2685,2840.112222
C4357,2281.177500
C7677,2075.095294
C8554,2647.648235
C6996,2450.486250
C3257,3237.565000
C7952,2088.627333
C1344,2062.108333
C2480,2633.687059
C2328,3060.702222
C4310,2772.546667
C7237,2423.354667
C8915,2170.321875
C3290,2182.275000
C5449,2384.751579
C5907,2276.179333
C6458,3378.950000
C4832,4874.881667
C1635,1828.435556
C8252,2573.702727
C6561,2221.078333
C5276,2453.086875
C4465,1982.315000
C4486,1653.980000
C7421,2789.600000
C2386,2440.193125
C4244,1908.935385
C6771,2338.179286
C7255,1976.292308
C3286,2989.326111
C9548,2419.667333
C3715,1874.206364
C9578,2688.678571
C9039,3351.481176
C2046,2147.579000
C1497,1641.956250
C4251,3680.887000
C2951,1341.878182
C8253,2750.248000
C3790,2450.313333
C8746,2895.825000
C7108,2165.386667
C2149,3530.475455
C6050,2236.422222
C2583,2408.368333
C5509,2596.172500
C6583,3247.896667
C4078,2670.931111
C6909,2310.328125
C1835,3046.573333
C8365,3106.757000
C8790,3034.292727
C4365,1852.130000
C1942,2555.175000
C3635,2523.855333
C5841,2596.123077
C3810,2126.414444
C1551,1828.430000
C4784,2380.882778
C6598,2989.227273
C2541,1861.352143
C9923,1855.776667
C2063,2950.310833
C2837,3897.349231
C7971,2151.977500
C6328,2229.484167
C2697,2477.767333
C1007,2619.477143
C6423,1888.271667
C6733,1857.804615
C2569,3006.927857
C8605,3078.545833
C5397,2371.040769
C6203,3099.086154
C1054,2377.208333
C2136,2070.245714
C4565,3375.489167
C6942,1930.508182
C2605,2740.850714
C5921,1836.228333
C3254,2232.029091
C5656,2395.620714
C6632,2197.979091
C5925,2190.925000
C2934,3693.790909
C4912,2404.609286
C7644,2648.220000
C2337,2642.447692
C1510,2350.264706
C7849,3044.016923
C5309,2243.983077
C2250,2666.465833
C4366,2146.680000
C2621,3260.696154
C8018,2652.112857
C8734,2280.465556
C6486,3060.010556
C6487,2741.120909
C2896,1956.678750
C3542,1776.350000
C7472,2557.070000
C7877,2715.642000
C1319,1901.343571
C4135,2482.988462
C5144,3782.461818
C6917,3172.405833
C8677,1880.584000
C3059,2638.753333
C1155,2728.674545
C6124,1698.819000
C8121,1826.963333
C7171,1437.360769
C1904,2076.564444
C5348,2075.605000
C4579,3153.986923
C1653,1791.762308
C4402,2231.081176
C4417,2461.791429
C5188,2683.993889
C9672,3023.537000
C5696,1176.863333
C2841,1453.370000
C9793,2661.640000
C7552,2573.291429
C5027,1853.828571
C6870,2308.692727
C1338,1983.182500
C5500,2959.210909
C2552,3359.344667
C3298,1721.361053
C8078,2433.821111
C5303,3225.238125
C4799,2361.697333
C8492,2922.644286
C7065,1944.342727
C9589,2872.871875
C7456,2533.303333
C1800,1581.581538
C7572,2496.624545
C4181,2472.514118
C5072,2290.535000
C3191,3320.206667
C9285,2193.676364
C3232,1730.301667
C6070,2339.374545
C6158,3028.015000
C7992,3201.298462
C3770,1846.035000
C8142,3019.836154
C7799,3009.410000
C8947,1129.038750
C8441,1978.366000
C4219,2759.924444
C3237,2963.824000
C9868,2141.756000
C4886,2278.595714
C4255,2172.236667
C8233,2950.776364
C5020,2206.253158
C9542,3297.887500
C9119,2647.025000
C1241,1475.480000
C4172,2249.708333
C3706,2776.928462
C3498,3117.714286
C2429,2524.368824
C4157,3264.396364
C3461,3419.617500
C6260,2263.676923
C6972,2985.034444
C3516,3047.622857
C4556,2442.918182
C1178,2278.073750
C6444,3218.032667
C9836,2097.757778
C1487,1064.428182
C1027,3110.570833
C1607,2097.072308
C8855,2281.318571
C6435,3003.016316
C7924,1577.572727
C7033,3059.903846
C6764,1828.466250
C4410,2740.836667
C1374,3224.092308
C7608,2927.882222
C8980,2673.691111
C2029,2586.421429
C7821,2006.976923
C1883,3297.064000
C4307,3272.853750
C8333,3234.564286
C2345,1226.424545
C1531,2726.540833
C3517,3431.030000
C3395,4185.997273
C1650,3488.440000
C7966,2621.433333
C9647,1819.687059
C8735,2310.141333
C1799,2578.440000
C6488,3273.076667
C4745,2240.640000
C8260,3594.421818
C8702,2588.960588
C8725,1959.437000
C3629,2913.845000
C6452,2254.446000
C6957,2675.257000
C2520,2772.176111
C9566,2089.887143
C4079,4028.272500
C5473,3967.802500
C7336,2440.744667
C6315,3136.287143
C6378,1464.246923
C7730,1675.417222
C3802,2396.945385
C3271,2032.432000
C4926,3403.452500
C8894,2027.732727
C7776,2390.276667
C7227,1694.624444
C6901,2951.468750
C4683,1796.151333
C7191,2248.827222
C5524,2864.462500
C8626,1779.868889
C6520,2856.212000
C2227,3093.524167
C4692,1603.711000
C8996,2419.776000
C4856,1997.996364
C1247,2469.830000
C3366,2046.404286
C7144,2317.940909
C8082,3287.085833
C7207,2487.071429
C9751,2517.668571
C6395,2945.834375
C1366,2525.530667
C4477,2906.656667
C1339,2772.665556
C4736,2607.281000
C5324,2379.737895
C3991,1793.398462
C2035,1994.530769
C7130,2314.291000
C3293,1796.372857
C4184,3417.565000
C6093,2298.936667
C8606,2349.752000
C8549,2464.996364
C8317,2631.628333
C6340,2705.575625
C1229,2816.597000
C2844,2514.875833
C4057,2225.418750
C2918,1766.876923
C8619,2716.952727
C1277,2536.423846
C7613,2168.728333
C6932,2339.888000
C3571,2472.899333
C2835,1895.364000
C4850,2737.682778
C3589,2592.400000
C5168,3344.500000
C8129,3332.042941
C8496,2856.572857
C7610,2025.672500
C8215,1624.832727
C6545,2253.745000
C7853,2779.164286
C1610,2462.150769
C3681,2578.636364
C5038,1480.640000
C1236,1925.840000
C9976,890.227500
C6790,2776.653636
C1402,2582.440833
C4809,1844.492000
C6102,1825.777143
C2815,2785.663846
C3473,2842.914000
C8598,2416.259000
C1039,1445.059000
C4459,2835.676667
C9397,2895.793889
C4585,2088.921818
C4538,2676.723333
C4801,2191.468182
C6613,1733.338421
C6493,1747.407500
C1564,3061.803333
C5863,1709.367143
C2373,2836.122941
C5563,2826.920000
C3296,2377.124444
C8272,2298.390000
C8921,2974.580000
C4867,2132.272727
C6237,2632.805385
C5953,1785.798947
C3592,3065.938462
C4339,2595.772941
C4051,2115.898571
C6043,2557.834444
C3108,2290.271667
C5869,3641.998750
C5364,2380.502500
C2312,2611.696000
C5454,1728.211333
C5770,2446.467000
C7660,2415.673636
C8494,2815.361250
C9655,1867.543636
C7538,2336.005714
C9549,2641.338462
C1968,2534.837778
C2115,2712.862500
C7143,1970.164000
C4826,2050.305385
C7993,3111.610000
C8309,1814.824667
C7841,2612.254286
C2356,2810.448750
C7770,2014.897778
C4994,2494.711765
C3595,2712.232500
C7808,2833.265000
C5360,2622.650833
C4992,2489.451053
C3313,1260.321667
C7056,2546.282000
C6498,1832.972000
C4553,2912.269000
C8246,2309.493333
C3089,3308.380588
C4246,2933.712222
C1981,2198.490455
C2499,3062.830769
C9328,2659.208000
C9289,2609.797857
C8901,1293.886000
C9735,2385.613636
C6058,2896.760909
C6217,2842.985455
C4811,2216.258000
C8601,2717.302667
C7099,2241.958750
C1398,2775.391250
C6286,3030.536111
C6361,2333.252500
C2221,3258.997647
C4196,2237.787000
C1415,2232.389091
C6164,2352.202222
C3179,3186.410000
C3347,2376.487692
C1530,2457.774545
C7932,2167.838750
C4512,2004.221818
C9319,1659.937778
C1403,2679.414000
C3816,3186.326154
C6757,2567.821875
C6393,2593.613750
C6537,2567.252500
C1956,1749.744545
C6658,2234.797059
C6638,2699.986471
C4475,2912.122308
C3772,2201.716250
C3757,2925.217778
C3828,2564.158462
C9633,1807.316000
C9837,2719.550000
C3284,3912.675000
C4710,1927.838333
C1022,2655.087778
C1687,2517.292500
C6770,2875.738000
C2686,2342.357857
C2528,2340.446471
C9284,2994.831053
C5023,1994.993077
C2565,2346.731429
C8864,3093.243077
C8245,2823.440833
C6179,1813.848000
C5853,2383.991000
C5070,2700.897273
C3815,1713.824615
C5744,2584.375000
C3730,3478.983077
C6840,1459.917000
C1906,2802.358571
C2922,2095.739333
C2306,2425.507000
C8620,2681.838333
C1639,2587.340000
C1475,1827.564167
C6581,2374.116667
C4056,2196.948000
C2174,2955.466364
C5546,1683.328571
C6010,1932.057143
C6279,2880.419412
C1537,2934.411667
C1228,3366.905000
C2071,1642.865000
C3869,2288.865385
C1082,2382.524615
C3522,2861.324615
C8292,2667.647857
C3292,2394.421429
C8792,3108.730667
C6876,2526.597273
C1025,1784.163846
C9723,3028.973077
C8293,2020.113571
C8951,3689.627143
C5135,2763.333158
C9912,2264.781000
C2468,2939.875000
C4028,3011.034286
C2394,2102.875000
C3294,2312.169167
C8736,2065.948333
C7045,2410.553636
C8771,2477.880909
C6235,1335.880714
C4841,1885.561667
C9996,1857.877500
C5530,1800.787778
C8059,2304.645882
C7353,3103.947500
C9564,2172.628462
C9585,1869.660714
C2620,2295.501818
C9337,2504.643333
C7554,2257.760769
C5415,2309.590833
C4121,2554.330000
C1094,2984.064615
C1206,2732.022222
C4762,2584.611111
C6022,3040.692353
C9184,2973.572143
C7170,2227.817143
C7067,2268.480000
C4696,1808.624444
C4605,2313.180000
C7974,2538.876111
C6993,2417.315385
C1380,2344.860000
C2522,2472.944762
C3520,2559.367857
C1214,2729.154118
C4807,1818.617692
C8700,1930.580000
C6381,1672.425455
C9243,2567.903500
C9946,1650.428500
C9764,2564.105455
C9739,2439.851333
C8992,2771.870000
C3221,2268.259000
C9032,1822.231111
C2973,2136.163846
C5129,2544.194118
C8712,3648.921429
C3971,2160.746429
C2604,3045.490000
C9307,2834.348000
C4198,2971.319091
C2076,3335.384444
C2653,3438.086364
C4853,2501.412778
C9105,1746.151538
C4805,1744.361000
C2247,1916.066429
C5768,2401.343846
C5947,2414.935238
C4837,2865.002727
C5108,2828.615000
C1731,2896.750000
C7997,3452.176190
C3739,3094.379444
C8437,2706.410714
C9558,1797.136667
C1478,3032.053529
C1869,2738.217000
C2315,2225.304667
C4719,2242.393125
C2949,2248.803077
C3421,2958.907500
C3494,3214.108333
C9759,2407.283846
C8486,2393.580526
C9273,1625.438889
C1645,2410.090000
C9931,1347.674167
C7277,2875.333333
C9016,2111.180000
C4620,3680.150000
C7632,2576.243636
C6627,3044.247000
C5915,1179.662500
C7422,2610.695000
C4557,2340.283000
C2471,2257.697857
C4893,1693.461765
C2186,3067.787500
C1838,2705.163636
C3575,1842.472222
C1078,2187.281111
C6159,1416.127000
C8445,1711.107500
C9834,2451.974286
C6062,1528.035000
C3418,2170.698571
C4370,2000.315385
C4820,3618.170000
C5804,2026.324286
C6389,2465.439444
C6935,1966.685333
C2288,2624.412500
C7540,2724.938750
C7125,1608.040000
C4011,2670.295833
C8480,3219.640000
C8656,2445.794375
C9934,1995.629333
C9860,2245.529286
C7609,3436.050625
C6797,2207.352353
C6353,1556.754615
C3398,1405.384545
C1722,2897.546923
C5959,1974.007778
C1139,3251.887857
C7627,1693.702500
C8688,2411.589231
C8650,2172.295333
C7165,2302.725000
C1886,1401.831538
C4400,1627.457778
C5905,3727.147500
C5774,2686.344286
C2590,1700.194000
C9594,2934.337273
C8100,2320.658824
C3034,2722.221429
C6357,1308.721429
C3030,1649.237000
C7881,2457.700000
C3088,2872.978824
C6834,2164.042308
C7133,1885.852143
C8868,2521.590833
C5665,1460.388000
C9620,2653.993125
C1183,2522.180588
C8203,3151.819231
C3300,2877.010000
C4085,2251.418889
C6089,1913.299375
C4089,2463.971111
C6299,2987.070588
C2596,1616.708571
C3992,3052.843684
C8194,1978.470769
C7122,1814.555238
C2747,2966.536364
C4813,2333.880833
C2635,3059.541250
C9355,2034.636923
C9097,1929.690714
C8198,2570.213571
C1664,2810.505000
C6938,2528.022727
C4680,2554.916000
C8372,2144.845833
C9258,2131.206000
C2935,2214.232500
C5380,3287.628333
C9614,2491.930000
C1253,2402.573000
C5678,2207.205000
C7607,2077.682353
C5293,3225.852500
C6018,2614.846250
C3994,2041.104118
C5337,2223.770833
C8153,2821.588182
C9169,3120.280000
C2070,2388.072353
C4476,2411.470588
C6166,1742.347778
C1890,3052.958333
C8507,2553.217143
C8501,2429.272500
C1295,2945.813571
C1927,2096.474444
C7943,2826.083750
C4309,2680.102500
C5692,2446.051111
C5980,2925.095714
C5210,1826.130000
C2101,2633.617895
C4030,2299.897333
C3621,2149.917500
C2464,2349.637143
C5379,2156.567368
C9145,2791.383333
C9873,2147.222500
C7708,3163.345833
C9639,2605.997000
C2363,2719.187500
C4967,2380.518889
C5326,1521.876667
C7163,2032.795000
C8811,2464.490000
C6601,3244.133750
C1012,3034.749000
C4619,1931.248333
C2787,2744.181875
C3244,3184.445714
C5833,1988.602308
C6511,2473.310909
C9526,3130.068889
C1988,3101.327059
C5908,2091.805000
C7915,1459.615455
C6911,2188.022500
C1411,2571.872857
C2106,2513.217368
C8924,3125.583571
C6781,2367.177692
C1205,2666.110909
C2310,1838.186667
C4013,2482.981250
C7959,1507.001111
C5190,2297.646154
C2958,3866.745455
C5423,1596.425714
C3931,2363.775333
C8613,2500.794000
C4378,2466.240714
C2159,3191.877333
C7890,2381.283750
C1330,2338.494545
C3111,2328.178824
C6098,1867.800000
C4091,2807.605000
C6414,3002.514762
C4304,3357.745263
C2269,1852.643750
C5982,3202.182727
C9177,2201.928571
C7044,2664.029231
C1825,3270.736875
C7358,2239.098824
C9796,3176.805000
C2239,2162.796667
C1616,2068.641667
C3080,3414.380000
C6565,2860.548571
C7852,2980.943077
C8886,3659.066250
C2470,2475.810000
C8028,2485.723750
C8596,3708.082000
C7450,2623.768182
C7089,2209.318333
C4455,3112.895000
C2708,2754.945385
C8793,3510.154545
C5945,2865.285000
C3539,2434.667500
C6564,2712.856000
C2273,2563.340909
C7606,2002.716250
C8545,2592.232857
C6176,2292.590000
C4185,2534.115556
C6009,3274.085000
C1931,3506.433571
C4960,2432.949000
C4833,3349.520000
C7757,2789.487857
C5503,2147.126667
C5590,2299.853529
C7297,3438.302500
C1434,2570.042500
C4380,2610.804167
C2486,1725.932500
C2175,2706.221667
C4080,3628.689091
C6333,2167.274000
C9063,3405.827500
C1302,2541.515385
C6615,2633.456667
C5534,2125.393000
C4012,3107.476250
C7805,2479.740000
C6494,2239.755556
C5094,1305.103077
C3114,2732.534167
C3833,2338.954000
C2690,1988.245455
C2083,3110.589333
C7779,2532.178462
C6004,2634.626000
C7668,2705.098462
C5246,2895.287143
C2181,2773.452500
C2658,2862.946667
C6505,3586.971250
C6855,2240.598889
C3183,2186.611538
C2154,2822.480000
C9453,2593.730714
C8504,3142.484286
C2439,3273.181111
C9935,2860.291429
C5625,2361.092632
C5818,2840.673333
C2004,2067.520909
C2762,1817.343333
C6370,2131.607222
C2987,2182.230000
C7294,2912.268750
C5319,2677.631429
C1315,2441.457500
C9695,2349.198333
C9669,1653.116154
C7096,1457.725000
C7301,1999.221250
C3906,1600.440000
C9797,2284.357000
C7494,2723.995385
C9029,2372.832778
C7376,2579.737778
C6026,2657.975000
C9279,3456.500000
C4816,2030.630909
C9059,2612.215333
C3020,2737.870667
C4609,2427.610000
C8770,3269.590000
C5828,2075.920000
C7050,2607.018889
C4134,1060.867500
C3880,2562.970000
C4715,2477.471250
C1971,2866.723636
C6655,2950.552667
C2654,2977.542308
C1807,3766.178421
C4906,2871.990000
C2061,2532.362667
C3008,3091.882308
C2077,2764.003571
C7919,2926.551250
C8324,1933.847778
C2750,2761.132222
C1528,1996.496667
C3964,2820.967143
C2745,2257.126667
C5166,1192.915556
C3269,2619.284000
C8325,3667.886250
C7448,2784.341818
C9152,2469.433750
C3511,2667.352727
C8352,3092.708000
C7802,2089.148000
C7465,2212.038000
C7178,2860.598667
C1223,2487.136667
C3692,2335.590000
C9540,1960.576923
C8042,2379.994286
C8373,1736.060000
C1718,2317.697895
C8062,2617.810000
C7961,1910.418333
C1555,2042.910714
C4630,2146.380769
C7901,3344.714167
C4993,2227.340909
C9870,2222.658333
C4160,2581.826667
C4938,2034.965000
C8161,3859.009091
C8509,1932.104375
C9650,2983.148000
C3988,2115.662857
C5558,2259.343571
C8940,2957.576250
C3875,2847.025385
C9291,2214.987500
C7676,1903.952500
C4563,2639.471818
C8819,2307.605714
C2424,2862.321176
C6647,1809.229091
C5126,1560.666923
C9606,2399.215625
C1851,2614.216667
C8844,3891.468889
C4873,2620.073636
C8076,2125.481000
C1378,2374.594118
C9455,1814.851875
C6479,1753.680000
C7368,4058.468000
C3998,2789.884615
C9114,2810.601053
C7005,1226.515000
C2135,1578.952000
C1421,2335.215455
C3052,1993.627692
C1865,2016.948889
C8502,2567.636875
C7476,2351.813333
C3958,2459.998824
C2329,2511.045833
C6751,2829.400667
C6071,2632.621333
C5146,3130.387143
C3484,2215.654706
C6659,1762.706250
C3801,2310.807778
C8467,2379.580000
C8801,2655.205385
C8220,2475.780000
C8423,2616.312000
C4016,2845.617273
C9855,2872.862000
C8836,2818.248667
C8044,3456.100000
C2916,3382.345714
C7400,2169.635714
C6541,2374.034000
C2523,2209.402000
C1679,2427.646923
C5802,2100.672222
C7561,3840.322727
C4678,2573.687692
C5025,1791.676923
C2447,3260.303571
C6313,2976.230000
C3391,2292.042222
C3431,1877.612143
C3871,2907.642222
C4315,2940.008889
C3704,2175.817273
C5674,2265.855556
C4703,2953.157333
C8742,2001.101667
C7962,2839.350588
C1719,2558.351538
C7635,2820.980833
C1123,3396.166667
C9510,2131.915000
C4685,2542.285833
C9703,2613.107273
C5424,2573.988889
C1702,1571.676154
C8766,1983.517273
C2769,1585.917857
C1261,3778.838000
C5564,1313.118182
C8891,2074.623000
C4221,2777.109167
C2314,2180.263333
C5916,3418.558235
C6987,2199.808462
C5207,2582.543077
C6028,2816.767059
C7112,2696.234167
C3095,3002.375000
C6453,2632.913889
C4827,2401.672857
C5124,1626.805556
C8908,2410.300769
C7405,2293.580625
C5295,3018.223077
C4005,2449.068333
C1335,3286.003333
C7059,2630.826364
C9377,2894.267778
C6234,2510.743750
C8428,2610.863077
C8450,3033.317000
C2059,2576.823846
C1326,1866.394667
C2104,2240.932500
C7423,2479.524545
C8918,3450.454000
C3433,2790.572381
C8695,2708.090000
C7419,2024.603846
C2885,3470.427778
C4759,2821.282727
C5251,2618.777778
C1217,2551.896154
C4648,3797.715714
C2997,1927.192857
C8964,1485.007692
C1397,2206.487895
C7196,2453.466667
C9120,3328.901667
C4828,3665.187273
C8763,2940.810000
C9348,2512.508571
C5407,3823.997500
C1191,2617.549000
C5451,2596.319474
C8955,1997.602500
C6910,2856.148947
C9582,2141.160000
C5355,3475.444615
C6006,2648.658571
C4955,2505.562778
C9092,2642.354167
C1233,2696.013636
C7845,2358.114615
C5378,1999.109091
C3196,2546.947500
C6925,2423.987647
C8513,3511.061000
C8089,3016.935385
C2257,1950.934667
C8458,2334.076923
C1866,2675.656154
C8025,2776.282000
C8900,2207.978571
C7605,2178.685000
C1418,1771.733571
C1874,2803.927778
C1620,3166.314286
C4777,2619.387273
C1678,3024.199000
C1782,2384.432667
C7203,2006.966667
C8211,2840.050000
C3260,2980.612667
C4732,3096.469375
C9216,1767.299091
C2941,3619.466667
C6769,2472.152000
C8577,2403.635789
C4785,1848.318333
C2008,2774.142143
C1188,2882.647143
C8334,1688.041667
C5825,2973.987647
C3755,2443.085000
C8988,3113.112308
C1441,3578.390000
C9525,1396.334545
C8993,2950.587500
C1841,2205.413125
C6728,2247.845714
C2391,1601.197500
C8164,3760.749000
C3448,3927.581333
C9108,2585.743000
C9417,2010.544167
C6763,3092.052308
C2509,2446.687273
C8721,3021.439286
C9632,2793.005000
C6948,3413.902857
C5549,1917.635000
C4688,2675.527000
C9653,2375.547333
C5985,1816.720769
C7530,2772.996471
C4788,1922.973333
C1772,2100.322000
C9839,1546.225385
C6272,2529.256154
C7989,2389.040000
C3374,2240.295385
C1580,3410.768182
C8561,3099.237778
C3639,4084.611111
C6890,3090.554000
C1303,2197.495455
C1765,2582.342308
C4693,2623.502222
C8102,2712.310000
C8072,1316.562500
C9041,2483.184667
C3648,2457.021250
C4896,2645.284000
C3195,2352.024667
C4584,2277.609000
C8328,2455.456364
C8883,2387.951333
C5895,3055.821875
C3123,2908.404444
C6035,2252.396364
C9973,2493.556364
C5390,1856.324615
C1317,2356.162500
C6291,2769.004667
C7478,2688.386667
C2015,1738.555000
C4652,2003.615909
C7670,3322.992857
C4109,2244.182667
C1311,2860.000833
C5140,2134.775882
C3731,2865.466250
C3215,2607.620556
C7739,1710.925000
C8674,1689.748182
C2540,2786.720909
C2897,2316.044286
C9042,3138.788000
C4113,1971.798667
C9403,2545.978889
C3908,1212.798182
C3967,2205.695385
C4618,3548.475000
C5455,1579.928750
C1084,1944.025000
C7651,2969.543125
C8548,2288.296364
C6446,2047.103846
C8449,2725.168000
C7674,2819.770667
C1816,2171.203846
C9665,2708.383889
C2143,2287.062500
C3850,2761.240000
C3408,2327.738889
C7954,1521.658000
C8553,2245.106667
C3430,3784.214167
C1563,2344.977778
C8671,3106.632727
C3018,2130.155625
C5912,2413.904545
C4319,2296.005000
C8615,2308.440000
C7817,2847.738889
C1928,2053.356190
C9547,2582.930000
C4684,2279.302667
C3609,2784.376429
C7145,2528.566250
C3087,1478.429333
C1715,2655.533571
C1517,2224.288750
C8083,3411.887500
C6531,1973.918667
C3239,2168.638333
C6611,1485.375455
C3148,2026.252857
C5441,3118.980500
C9611,1723.139286
C1761,3558.461875
C5253,1564.802308
C1936,2074.016667
C7645,2837.306000
C7397,2388.998824
C2945,2729.172727
C5691,2646.097273
C9952,1962.030000
C6245,2378.984706
C5796,3759.753333
C5807,2494.975556
C8526,2459.180714
C8391,2518.048182
C3356,3651.365000
C7152,1413.748333
C1676,2939.065000
C5575,1887.908182
C6618,1482.386429
C3699,2843.963077
C7348,2361.455294
C8939,2151.215294
C7634,2002.611667
C2011,2588.898333
C5167,1774.242222
C2245,2549.892500
C8201,2172.150000
C4233,3257.740000
C8183,1521.082500
C8399,2311.702857
C5049,2159.607143
C6651,2474.655000
C1243,2195.114375
C5281,3050.138571
C5012,2376.220000
C3319,1884.829167
C5277,2874.621429
C1457,2493.608333
C7515,2006.743000
C2308,2132.243636
C6304,3419.001818
C5628,2453.531667
C4178,1567.602667
C7273,2923.725000
C6801,2693.660000
C2730,2435.410833
C8466,1542.141111
C6896,2243.122778
C7161,3703.010000
C9475,2762.975833
C8229,2885.701111
C4452,2352.161111
C6968,2185.561333
C5107,3012.447500
C3504,2395.430000
C8005,3386.020000
C9107,2409.060714
C1463,1288.333333
C2797,2386.385294
C5663,3554.154615
C1667,2598.425385
C7837,2819.286250
C3689,2876.006842
C3837,2069.726000
C8136,1720.017000
C1831,2901.549231
C6904,2142.190000
C3569,2438.013750
C1140,3568.785714
C5372,3202.415714
C3543,2818.536190
C8995,1946.046364
C9500,1727.604000
C4401,3277.139167
C9521,3701.112000
C2871,3089.289000
C6097,2974.099000
C3841,3108.450909
C1763,3268.432500
C7695,1517.539000
C1340,3059.314000
C6424,2430.128462
C8330,2538.146316
C2283,925.382000
C8909,1779.993750
C8361,2350.053846
C5521,3214.882857
C7602,1899.810000
C6246,2130.278889
C7296,2778.000714
C2833,2665.946875
C8415,2218.560952
C7398,2703.156923
C5823,2178.790000
C5952,2324.873333
C5995,2675.162857
C6544,3487.983750
C4671,3610.350769
C7748,2210.355556
C4995,2368.897857
C7822,2804.352000
C7672,2629.765789
C3130,3061.905000
C1681,3528.380000
C2851,2696.456667
C8542,2030.782500
C3043,1896.429286
C2601,2812.942727
C3867,2658.338750
C4243,2456.979375
C7767,2019.264667
C8267,2652.437059
C5437,3022.447222
C1135,3034.781250
C3892,3712.259000
C5699,2024.417273
C2793,1954.463000
C3549,2354.248000
C1446,1987.665833
C6099,2437.986667
C8959,2524.985833
C9044,2382.400000
C8430,2430.734000
C9967,2021.239091
C7047,2724.891333
C2010,2806.945000
C8130,2908.072308
C8023,2100.247857
C8124,1967.316667
C1423,3212.946667
C1009,3325.407000
C2849,2170.562222
C9532,2470.245455
C6135,2942.291000
C6467,2137.701000
C7053,1955.774167
C8134,1997.726111
C6986,2857.517000
C4859,3267.165385
C9004,1735.426667
C4358,3519.783000
C8261,2403.228750
C5632,1790.710000
C6267,1991.050769
C1210,2723.191765
C2634,2035.300000
C8804,2214.724286
C4511,2734.830909
C2588,1879.595833
C2641,1975.283333
C6457,3101.565385
C1376,2854.670000
C5700,2575.365714
C1132,3644.808235
C3236,3254.330909
C1916,2560.629286
C2996,1628.209091
C3301,1354.045000
C9734,1959.437500
C1320,2789.700000
C9249,2630.317143
C2681,2757.898500
C8375,3554.094545
C7965,2251.879286
C6553,2121.675714
C4275,2450.472941
C8665,2793.499000
C4123,2162.201111
C5610,3405.258333
C2718,2371.720526
C2082,3122.511000
C4281,3080.715294
C9222,1651.890000
C2592,2691.972727
C2384,1523.810000
C1347,3070.212000
C9239,4035.064000
C9968,2788.350000
C1518,2378.541667
C5707,1584.661000
C6053,2468.238750
C9866,2201.655000
C1226,2026.253000
C8432,1978.771538
C5545,2657.352143
C7491,2646.165000
C2564,2139.647857
C7814,1577.941429
C6849,1947.571429
C7902,3968.720000
C2246,1357.541667
C4771,2149.451818
C6691,2957.014545
C9395,2763.358889
C9161,1858.072353
C5650,1844.229231
C5115,2554.227222
C2448,2941.858824
C3572,2074.356000
C7356,1939.915000
C3377,2481.750000
C9656,2352.472941
C2976,2802.405714
C4343,2651.449412
C5506,2878.410588
C6747,3639.574444
C2651,3291.376667
C3674,2733.922308
C4249,1555.920000
C9694,2592.281579
C8865,2212.777857
C2179,2405.811538
C6783,2686.221111
C2294,2346.242308
C4862,2035.686667
C8066,2639.053077
C3328,4186.596154
C5330,2550.070000
C2436,2762.117222
C7267,2182.883846
C5111,2257.886667
C4077,3068.407857
C7631,3311.980833
C6694,1677.123750
C1121,2992.054737
C6538,2620.066154
C4890,2734.194545
C9117,2797.785263
C2280,2819.426471
C3382,3573.218571
C1652,2931.403846
C2194,2318.488889
C6461,2518.461667
C8622,2103.367778
C6831,1457.256667
C3113,3427.882500
C3732,1245.787500
C6181,2105.263636
C3567,2769.575714
C7097,2038.527500
C8942,2169.537500
C3688,1976.919167
C7788,2037.454444
C6674,1520.077857
C6352,3258.566154
C4739,2101.878750
C8295,1415.617333
C3302,2936.913529
C9147,2276.115714
C3321,2234.622222
C4084,2444.678750
C6609,2705.250833
C6149,2017.162308
C9246,2863.770000
C5491,3201.790667
C5647,1797.857500
C9410,2980.504545
C7588,2250.981176
C3599,3218.808889
C7795,2060.223333
C2223,2037.276667
C1708,2602.874286
C4637,2462.450000
C1342,2022.548667
C3751,2284.322308
C2113,2508.406154
C8388,2590.289167
C6251,2302.862727
C6128,3466.816154
C9742,2297.340000
C6409,2443.515333
C5771,1913.479000
C6008,2187.884375
C4948,2076.190000
C6130,2114.063846
C2003,2829.422500
C8975,2181.280000
C5015,2056.736923
C7264,2732.884545
C4988,3467.456667
C1306,2473.725385
C1862,3307.702727
C9909,1859.640000
C6343,1737.275000
C9615,2117.282000
C2860,2250.137000
C4730,2218.065714
C6090,2515.186000
C9295,2227.364615
C5557,2547.120769
C1896,2407.073636
C7218,3253.763636
C1567,1688.237143
C8858,2676.249375
C1720,2350.080769
C2513,1569.945833
C4558,1957.782500
C9045,2417.944615
C1666,3778.008182
C1923,2485.460833
C1040,3035.960000
C6282,3059.621667
C4733,3072.862222
C1024,2467.370000
C3618,3049.915625
C6536,1803.860000
C8505,2091.181000
C3727,3419.924667
C3279,3369.981000
C2894,2532.241818
C1245,2539.973333
C2863,2963.301538
C9090,1945.100625
C5466,2366.354375
C2984,2234.858000
C3406,2495.101875
C1407,2260.438824
C9492,3151.959286
C7381,2455.635385
C1384,3532.845385
C8754,1766.054000
C3442,1143.223636
C3249,2603.160769
C7575,2408.405556
C8607,2340.624545
C8442,2712.347857
C3640,2760.043333
C5722,3442.990000
C9546,5650.360000
C9293,3185.947143
C3175,2218.811333
C4966,2223.235714
C2145,2812.738889
C1713,2232.777857
C3503,3232.259000
C3012,3117.016667
C9987,3125.093333
C3587,2355.262632
C2937,1550.001333
C4810,2475.516471
C7519,2253.109000
C9947,2723.180667
C1489,3306.265000
C4345,1923.940000
C7669,2705.446111
C9969,2287.755833
C4987,3041.046000
C8384,2717.692500
C5876,2245.310000
C4416,2740.325000
C4921,2523.364211
C6873,2408.342000
C1562,2398.542000
C2050,3362.913333
C8268,2718.031765
C3534,2343.271250
C2818,1986.870769
C1476,2562.268000
C3795,2200.553200
C8726,2421.692000
C7623,2751.174706
C5797,2286.264000
C6338,2150.640833
C6705,2008.395714
C3419,2267.205385
C2723,2878.352500
C5214,3411.346429
C2554,3837.830000
C4944,3495.507778
C3509,2829.322609
C9917,2369.727500
C2032,1896.202105
C7807,2640.941579
C7149,2630.606000
C3843,1744.022308
C7306,3165.746429
C3628,2608.608889
C9499,2426.858182
C3605,3863.847778
C4026,2911.956923
C7879,2449.391333
C6686,2555.295556
C9318,2497.241111
C1101,3029.411667
C7781,1486.292857
C1356,2437.088571
C1073,2060.876154
C2407,2145.957273
C8827,1623.531250
C7291,1243.067692
C1416,2546.347143
C8195,2580.417647
C4808,1747.620625
C4845,2665.423333
C9065,2325.268750
C4776,3022.305333
C7846,3127.103846
C5026,3066.384375
C6532,2520.313750
C5573,2121.425000
C7430,1609.903571
C4731,2176.874000
C2560,1461.639286
C5083,1742.541667
C2939,2130.843750
C4523,1753.643636
C1995,3179.665882
C2226,2881.237273
C8447,2089.104737
C1382,2943.855000
C2854,2608.603684
C5483,1865.951111
C6956,2167.111538
C1281,3472.868571
C4682,3047.180909
C8653,2099.229167
C8270,2544.264286
C2034,2226.463750
C8310,3014.371429
C1334,3010.800000
C4108,2204.387778
C9303,1880.541250
C3062,2282.020000
C2121,2052.887692
C1967,3625.025000
C6602,1933.573000
C2644,2367.636667
C6824,1797.980667
C9262,2227.396875
C2907,2526.179231
C1299,2295.362000
C9662,1709.850714
C6526,3605.143889
C3153,2189.803333
C8003,2830.983333
C1857,2964.029333
C6785,4378.830000
C7749,2493.514706
C9814,1310.777857
C3251,2715.055000
C2788,2130.061000
C6184,1994.272222
C8707,2421.452143
C4778,1237.575714
C3918,2864.948333
C8911,2647.788333
C8640,3523.635333
C9217,1793.611875
C9508,2068.188667
C4344,1669.939000
C5975,3187.997647
C2608,2151.893077
C7639,3511.661333
C9278,4017.363077
C5131,2318.468182
C9641,2987.308000
C9345,1796.406250
C7429,2439.197500
C9476,1956.792308
C7693,2261.424118
C5362,2079.215000
C2812,2271.890000
C6540,3039.328000
C3332,3258.063846
C5569,1756.530000
C5867,2861.602857
C5256,2541.280000
C4834,1539.687778
C3769,2463.070000
C8670,3237.339167
C9800,2159.090000
C3250,2076.217143
C9132,2071.732353
C3026,2024.126667
C1553,1973.209167
C8413,2353.705000
C2770,2742.924444
C4214,3772.138182
C6061,2278.240588
C5289,2466.164286
C9470,2793.307143
C9142,3553.435455
C8465,2640.722222
C9457,2055.768333
C4903,2258.711176
C7875,2318.281250
C8875,2909.308889
C5093,2363.271875
C8809,2473.901176
C3045,2274.421000
C5729,1646.570000
C3403,2117.567273
C5034,2187.904615
C3953,2076.075556
C8515,3059.500000
C1440,2155.182857
C7242,1749.201875
C2068,3759.525000
C4300,2066.343333
C2691,2070.450625
C2679,1976.063333
C1659,2354.710000
C2144,2500.260714
C7028,2022.633125
C5028,2653.252105
C7298,2878.648235
C1333,2609.650000
C2628,3226.622667
C9102,2677.665000
C3386,1957.778000
C6848,2332.559000
C1603,2685.183636
C8723,2734.558889
C7253,2633.171429
C8783,2617.976667
C6739,2477.183000
C6825,2513.426250
C7081,2163.008571
C7002,2094.892143
C1116,2658.518571
C8389,1105.722000
C3863,3119.980000
C2510,2602.358333
C5291,2012.779231
C1000,2201.760000
C6603,2041.704000
C6143,2304.342857
C6107,2959.759000
C1596,3405.974211
C5790,3069.962308
C2137,1984.936471
C3177,2457.838571
C3490,1868.321667
C5464,3091.059000
C7751,2530.222727
C6365,2937.940769
C7160,2473.498750
C2859,2968.218000
C5706,2986.815714
C5204,2259.407778
C8148,2083.066923
C4822,1911.290000
C2516,2518.040000
C5275,3119.434375
C7092,2177.266923
C1560,2623.277778
C4871,1859.406667
C7512,2040.131538
C6963,2668.772381
C1373,3667.567143
C6634,2332.135714
C9699,2536.115385
C3714,1822.416923
C5983,2947.066000
C3506,1318.567143
C8491,2865.374667
C8500,3860.546429
C4153,2943.376875
C4608,2274.478333
C2278,1983.770909
C3350,1988.775000
C8649,2401.640000
C3469,2491.068889
C1313,1831.459000
C8994,2107.444545
C1091,2395.856429
C7986,2728.822500
C8444,2054.376667
C5209,2765.010588
C8200,2371.211667
C1739,2531.827647
C9600,3260.798000
C1425,2303.382857
C8202,1899.058889
C1590,2041.967333
C2736,2445.902353
C1460,1701.487333
C9927,2351.641667
C1794,2160.336667
C1745,2575.050000
C9035,2674.508889
C4972,2203.932308
C6014,2696.952105
C9341,3272.515556
C8639,3086.379167
C7597,2027.513333
C7026,3203.908182
C3891,1935.390000
C9007,3836.706000
C8593,1811.014545
C6155,2875.377692
C3762,1800.504286
C6756,2427.660833
C3147,2042.557273
C6976,1845.570455
C9445,2041.601667
C7470,1384.820000
C4599,2301.420000
C4308,2744.430769
C8468,2775.136250
C7612,3422.230000
C6886,2691.835000
C6533,2410.437500
C5615,2802.936471
C5539,2841.936364
C2446,1219.822000
C8741,3260.305455
C6766,2170.427500
C6872,2112.698571
C4098,2692.899412
C1795,1870.718824
C2385,3217.685455
C7208,2553.796667
C3924,1740.455556
C2330,2341.636667
C2687,2792.063077
C7388,2622.873333
C3563,1990.058750
C3125,2586.818750
C3444,2519.249231
C3890,1745.294444
C3006,1109.012222
C3443,1265.612500
C8381,3562.885000
C5250,1530.615833
C3659,1621.757500
C6095,2664.413636
C7328,2363.252353
C7599,2607.446667
C9865,1458.818000
C5875,2540.099000
C2467,2350.596000
C7713,2276.813636
C3668,1932.350000
C2242,2572.323750
C2731,2386.326923
C1142,2593.260000
C6661,2554.523077
C5446,2896.560714
C5202,2262.476000
C3724,1680.548889
C9168,2731.672500
C8539,3038.769474
C5286,1927.920000
C3665,2064.507500
C4700,3138.625000
C6134,2381.268000
C9435,2753.285000
C6568,2751.855714
C7185,2983.378462
C1102,2719.775455
C9436,3067.622105
C7023,2092.084000
C8036,1943.909000
C5621,2505.436250
C7355,3821.741053
C4093,2696.805455
C9000,2236.520000
C8581,1395.892727
C9649,2128.224545
C4663,2476.445333
C7583,2314.693529
C3283,1858.436429
C9686,3098.252857
C6081,1798.554444
C7836,1933.063333
C2502,2454.877500
C3413,2314.005882
C3396,3040.806667
C8914,3104.662222
C9192,2198.857273
C9187,2549.033846
C1959,3000.753333
C1619,3537.377000
C3653,2469.095000
C9218,1700.624000
C5614,2593.716250
C5638,3133.589412
C2942,2037.157500
C4398,1119.798000
C1671,3164.792857
C1126,2845.018571
C2771,1581.960000
C4396,1980.443333
C6559,1807.084000
C5056,1725.078333
C8632,2449.645556
C7663,3593.184286
C2909,2266.063077
C8638,2300.427333
C2853,2513.687000
C4271,1896.325333
C8035,2596.940000
C6885,925.140000
C9220,2940.700000
C1953,3044.361875
C4962,2059.325833
C1316,2705.520000
C9919,2793.952143
C6706,2243.165000
C1787,2169.349333
C8740,2175.945333
C6515,2153.650909
C4968,2957.466842
C1894,2520.632000
C9174,1225.112727
C7217,2553.686250
C5457,3295.653333
C3736,2305.601333
C2090,2872.608889
C7452,2039.107273
C7816,3047.680000
C4524,2596.436429
C3376,2509.712778
C3972,1663.170000
C8106,2455.145556
C8540,2326.119500
C3847,2347.974286
C8611,1917.366667
C9900,2416.827857
C9794,4215.967500
C1996,2072.790000
C6432,2473.134286
C1221,3136.244545
C1410,3172.367778
C2389,2407.559412
C4544,1734.874000
C2801,2605.373889
C6504,2696.469167
C8180,3142.805000
C7070,2082.352500
C5463,2036.720000
C9902,2222.404444
C2141,2283.563333
C2587,2072.971500
C4225,2561.751333
C1672,2620.850455
C8802,2297.302778
C8784,1887.082308
C5426,2840.842500
C7128,1757.710625
C7179,3472.199412
C7090,1905.661667
C7742,2404.952000
C7220,1537.567778
C7657,1429.591538
C6482,1980.851429
C9133,2048.311875
C3823,2341.075000
C9971,2164.327273
C7947,2825.816000
C5007,2296.681000
C8490,2804.320769
C4760,2681.817273
C5778,2755.222857
C8604,2153.417500
C7994,2830.756000
C3169,1545.842727
C7707,1637.616000
C4695,1098.105000
C6075,3171.280714
C4928,2801.872727
C3718,2145.730000
C8788,2881.788333
C4323,2637.572727
C3454,2670.979286
C8071,2337.531538
C9138,3854.493000
C1898,2568.412857
C2545,2399.872727
C1368,1587.945882
C8107,2820.242143
C3120,2743.568235
C1669,2790.242667
C4132,1946.542857
C7240,1877.245000
C4434,2159.554286
C7736,2293.980833
C6032,2480.596923
C3340,3610.086250
C4714,1910.266250
C8758,2398.622353
C4151,3200.075000
C8371,2606.557857
C4590,3175.082778
C3521,1961.032727
C6421,3170.085000
C3667,2348.992500
C8077,2155.565556
C4333,1595.922000
C5949,2863.634167
C5036,2152.318421
C3174,2158.167222
C3449,2486.636667
C9396,1920.708571
C4055,2359.348333
C7976,2477.150000
C8657,2530.458889
C6101,2956.550000
C3438,2659.354000
C1963,2447.124167
C6216,3134.632000
C7216,2075.428571
C1830,1557.881250
C2559,2152.839091
C9893,2741.197692
C3299,3179.580909
C6151,2334.043333
C7462,2225.185385
C8563,2180.452500
C7600,1977.478125
C8239,2055.845000
C4945,2163.518750
C5705,2071.411429
C8867,2358.784167
C4961,1939.216000
C4216,1516.023750
C5292,2733.906667
C3262,2925.161333
C8682,3304.742500
C6413,3641.230000
C6982,3080.803333
C4854,2178.196364
C6403,2625.330909
C3766,2804.169091
C6817,2189.517500
C5488,3264.755000
C9493,2307.907143
C9172,2478.934211
C3497,2341.046000
C9885,2519.554000
C9783,2825.700000
C2200,3243.514667
C8669,2176.344118
C7755,2627.880000
C4262,1896.493571
C5359,2850.628571
C6256,2413.472500
C9247,2786.193333
C4152,1875.252500
C4242,3461.753333
C7883,1644.438889
C5240,3034.632857
C5217,3182.666667
C7701,1218.210769
C1477,2505.139412
C5035,1874.301875
C1809,2734.661818
C9709,2203.655714
C9924,2422.170000
C1038,1556.986667
C9354,2142.272000
C1762,2311.701818
C8768,1754.953000
C3379,1773.594545
C5686,2564.201250
C6208,2260.623333
C1208,1570.660833
C7886,2860.053750
C6172,2713.666000
C8750,1921.671250
C3216,1408.244545
C2495,2912.395714
C1561,3387.024286
C3548,3137.890000
C4352,3025.567500
C6649,3630.654444
C7380,3021.227000
C5672,3632.839000
C4583,2717.987000
C6558,2654.104615
C1087,2537.735714
C5763,2570.673000
C6894,1553.513000
C2042,2660.585625
C4540,2701.291818
C9312,3635.507857
C7046,2190.374000
C6334,2239.361111
C6440,3266.990000
C3447,2275.840000
C7058,3384.099286
C8806,3331.881429
C6591,3632.994286
C9483,2596.001818
C7595,1928.753333
C6997,2129.835455
C8692,2766.707500
C5751,2511.758182
C9244,1913.801333
C5328,2782.732143
C8401,2368.177692
C4131,2333.536364
C4270,3721.143077
C3077,2588.345882
C7281,3883.742000
C6270,2119.128462
C7571,1518.254545
C2462,2813.060000
C9994,2572.726000
C1742,3254.376923
C9590,2405.272727
C2817,1349.796667
C5384,2500.491538
C7785,2440.201333
C6710,2102.382143
C7899,2798.429286
C6011,1977.528333
C2956,1539.880000
C5290,2813.380000
C4235,2731.927692
C1184,2117.844167
C9531,2816.950000
C3135,1644.508571
C9882,1983.425000
C5960,1841.042857
C4334,2304.936667
C8597,3147.893846
C3937,2764.233333
C7326,2820.098750
C1331,2711.588182
C4283,2051.597333
C8663,1637.472500
C7433,2532.333750
C4721,2419.720000
C1176,2811.255000
C7314,1613.837000
C5333,2888.093333
C1052,1969.607500
C5046,1846.552000
C7550,2330.204615
C5175,2397.252727
C3740,2563.483636
C8419,3093.861818
C4901,1855.983333
C7303,4053.192500
C5482,2373.629167
C3759,2323.399375
C2002,2388.088000
C2110,1663.054286
C6265,1788.121429
C2544,1826.938462
C2712,2174.916429
C1990,2665.918889
C5604,3798.220000
C1691,3258.473000
C7891,2944.891875
C4655,2647.667500
C9106,3174.682500
C8646,3114.450769
C3253,2889.775556
C2662,2201.581250
C3309,2841.468182
C1129,1444.704500
C9338,3304.310000
C7095,2318.957692
C2458,1737.222353
C3495,2512.791000
C5432,1341.082500
C8584,1780.526875
C9179,2434.793333
C3137,2552.894444
C8711,2367.345000
C3193,2610.625833
C5317,1934.197500
C6125,2813.073000
C6991,2694.777368
C4020,1890.695385
C5325,2241.324545
C1436,3430.021429
C1826,2714.637692
C8753,1841.398333
C6626,2880.057857
C3400,2598.516000
C3750,2603.603333
C4154,2084.869375
C8484,2164.117500
C9451,1596.680909
C2081,2704.970455
C3679,2111.510000
C7198,2754.565000
C1218,3434.787143
C9005,2335.864615
C8191,2506.965000
C8957,1931.462500
C4956,2854.048333
C8301,2002.078333
C1269,2473.968889
C6029,2931.168750
C7900,2448.514545
C3574,1974.775000
C3004,3141.755000
C2670,1875.388667
C9085,2074.869091
C9481,2349.600909
C1696,1724.403000
C4879,2512.449000
C9568,2307.262500
C8175,2031.565000
C4252,2696.592000
C5786,2552.478750
C2408,2231.423636
C4429,2290.220000
C2274,2369.571111
C7981,2589.773636
C7557,2101.920909
C7010,2560.516667
C1381,3086.342308
C1594,2492.891538
C5044,1340.243750
C8946,2160.637333
C8530,2667.292500
C8704,2298.206000
C6614,2008.077857
C4442,3167.863333
C3920,2604.356364
C9399,2223.263529
C2845,1624.010000
C9838,1936.786667
C9732,3462.542857
C2971,2686.730000
C4882,2448.182222
C3768,1328.760000
C5089,2507.700000
C5316,1993.753333
C2240,2762.161111
C6580,1883.052500
C2049,2566.545909
C2716,3744.495455
C2332,2960.544615
C6292,1707.845714
C6371,2381.978947
C5369,1990.641765
C7679,3005.028333
C6792,2567.606667
C1288,2245.950000
C8538,2888.034286
C4723,2110.615000
C3872,1854.870000
C2498,1544.848750
C4239,2373.756667
C4462,2293.044545
C7996,2623.133750
C1128,2767.343333
C8761,2069.342727
C3259,3096.281429
C4502,2195.206471
C6199,2590.073500
C4480,2818.640909
C1992,3073.081000
C7780,3243.919167
C4205,3322.455000
C9975,2422.415000
C8452,3480.843636
C4874,3050.850000
C4697,3058.112308
C9283,1728.668667
C6878,2023.897500
C5228,3384.071000
C9846,2821.756000
C2506,2139.859286
C9513,1509.843333
C2411,2429.344286
C7650,2233.686000
C4468,2236.482000
C3310,1650.203750
C6820,2307.691818
C2398,2744.844167
C3093,1971.744286
C5465,2112.168000
C7184,2248.251667
C4001,2559.688667
C3696,1622.723333
C7271,2367.702143
C4374,2878.959286
C2205,2357.440000
C1308,3591.930000
C7394,2024.742500
C7640,2673.953000
C5016,4259.433333
C7970,2250.094667
C5393,2204.691818
C9454,2395.074000
C1727,2932.801053
C7504,2218.243125
C7617,3910.256667
C5780,2925.489000
C9083,2082.606842
C6252,3310.834000
C5402,2365.678333
C7418,1900.870000
C2773,2403.241176
C6063,2612.820000
C5809,1924.948889
C3144,3772.312857
C5148,2286.372667
C4245,1900.322727
C4887,4072.906000
C9267,2524.236111
C4877,2460.961667
C3608,2592.485500
C5408,3666.380000
C1090,2538.715455
C4471,2471.588333
C9402,1788.656667
C2978,1900.970588
C2704,2546.432500
C1424,2114.481000
C4800,2987.884118
C6210,3331.560000
C6730,1663.678333
C4510,3324.606154
C4543,2707.844545
C2739,2445.220000
C5114,2775.108571
C6755,2380.280000
C4384,1997.795455
C1710,2604.924375
C3015,2197.648667
C4752,2629.365556
C9047,2608.392500
C5611,1680.642000
C9135,1713.868182
C7141,3535.102500
C9473,1851.905000
C1037,2551.200000
C6455,3023.728000
C6639,3037.915833
C9848,2662.446471
C1104,1456.370000
C1572,2954.891429
C1220,2755.907500
C1758,2867.637000
C7148,2422.396667
C2476,3628.392667
C5922,3221.511176
C6882,2661.661538
C7029,2399.065000
C5091,2207.115000
C3983,3501.144000
C5285,1956.238750
C5322,3149.114615
C5889,3094.583529
C2140,2997.509286
C6306,2925.861250
C9851,2395.209000
C5199,2841.533571
C4458,2489.984375
C7036,3423.773750
C4127,1793.493636
C4658,3887.920000
C4261,2099.585833
C4208,2083.057273
C4217,1916.333636
C9997,1729.174000
C2281,2141.896000
C3152,2785.392308
C3311,3425.005000
C2304,3053.244167
C3709,1980.540769
C4391,2990.261667
C9365,3030.296000
C7337,3067.704167
C3117,2971.638889
C5298,3090.806190
C6262,2365.219167
C6837,2139.309333
C7703,4153.920000
C5648,1897.308462
C6721,1592.523333
C2449,2585.725000
C7252,2816.795833
C3984,1410.341667
C2567,2131.703571
C8953,2382.295714
C7309,2210.365000
C8608,1730.035455
C6284,1877.678000
C7042,2471.327500
C7069,2682.170000
C4404,2611.271111
C6640,2627.670000
C7292,2198.441765
C1097,2615.413000
C3476,2199.092353
C8015,1834.755882
C7574,2179.479286
C9175,3394.473077
C2277,1331.731111
C6761,2097.032667
C3038,1689.761111
C2483,3041.330000
C5032,3150.603529
C1196,3089.197143
C5993,3535.214444
C1455,2328.159231
C7690,2692.227500
C1258,2255.545000
C1846,1393.928750
C5519,2470.527692
C2067,2070.814706
C7487,2875.405833
C8159,2576.766154
C2677,2339.368571
C3385,2326.344000
C1941,2134.078571
C9026,2293.119167
C4395,2693.270000
C1417,2468.075714
C8080,3115.936364
C2374,2782.010714
C6829,2221.738182
C4048,2924.574286
C9819,1813.033333
C2187,4045.832000
C1185,2537.368462
C9704,2462.734167
C2943,1792.258182
C5268,1638.319000
C3157,2403.757692
C6193,1936.465000
C4625,1742.402222
C8457,2408.382000
C1888,2510.871429
C6420,2513.190909
C8687,1535.715385
C5762,1803.675625
C8117,1842.318333
C9461,3064.760000
C3965,2313.049091
C9527,1721.853750
C2419,2592.311176
C7937,1650.903333
C4290,3158.944000
C6723,2562.762143
C8853,1942.845333
C6725,2670.813333
C2128,1886.404000
C2667,1344.430625
C2900,2637.871538
C2155,2858.783333
C2661,2644.532941
C3800,2866.807000
C8397,2176.839167
C2130,1934.425000
C9619,3283.399000
C7618,2318.810000
C3854,3243.655556
C3143,1785.781667
C9560,2207.251538
C7057,3978.017692
C1944,3004.660000
C9167,2799.430000
C4860,2346.473125
C5029,3626.770000
C3103,1817.091333
C4673,2387.478000
C1029,2449.759000
C8660,1812.509091
C8393,2618.629286
C4676,1925.510000
C5470,1826.400000
C6368,1826.109474
C4791,2278.186429
C6988,2536.966667
C7189,2162.030000
C5591,3119.947273
C6765,2558.268667
C7239,2020.120000
C5596,2067.665333
C3362,2395.308571
C9272,2818.392727
C9770,2157.081000
C2825,2416.710714
C9010,2861.848667
C4320,2209.643750
C3375,2694.076923
C8297,2921.866000
C9881,1847.021429
C5343,2597.097143
C3878,3330.509167
C5103,1901.774000
C5338,2343.511176
C3182,3165.627857
C1354,3404.903333
C6280,2361.102000
C7064,2821.445714
C8138,1761.524444
C1791,1838.297778
C3619,2635.261538
C6599,1858.086667
C2201,1202.588333
C9315,2516.758333
C4064,2393.788750
C9536,2843.665714
C8755,2450.732667
C2041,1802.980000
C5227,2478.976667
C9753,2663.524000
C6241,2095.364286
C6753,2313.588000
C4851,1714.852222
C8535,2016.280000
C9581,2480.476364
C3227,2438.434118
C2087,2082.330909
C3560,2599.147500
C4372,3140.915000
C8952,2266.787273
C4388,2982.925000
C2659,2434.558889
C8569,2508.168571
C7793,2951.586364
C6664,2215.478750
C8170,2625.402778
C1428,2605.546000
C9579,2118.392857
C5300,2171.921765
C7169,2384.553333
C2870,2605.387692
C8416,2926.044444
C6860,1841.155333
C5743,2722.886000
C8935,2796.704545
C4360,2522.690769
C6157,3104.201818
C7920,2244.920769
C7629,1878.436250
C3224,2414.038235
C8968,3062.830000
C7440,3265.543000
C6399,2689.645714
C3514,2580.760000
C2300,1796.586471
C2630,2429.418182
C4215,2580.928421
C2451,2224.602222
C9150,1363.828750
C8047,2986.104286
C9601,2059.941111
C6607,2798.606667
C8127,1748.195714
C6186,2581.930000
C3032,2492.695556
C4606,2629.224286
C3877,2458.750000
C6055,2442.690714
C8063,2534.191875
C7142,2343.528750
C7475,1776.544000
C5171,1914.064444
C7438,2103.368667
C2645,2938.220500
C5698,2740.393889
C5269,2187.854167
C3947,2778.433333
C2251,1970.667143
C7878,2940.752727
C9690,2897.040000
C3846,1574.065385
C9737,1847.080000
C3086,2224.711429
C6232,2074.613077
C8944,3346.140000
C2546,2165.946364
C3233,3065.250769
C8623,2147.323333
C4102,2946.900000
C4338,2377.633846
C7664,2129.755333
C4897,3508.596875
C4403,3075.050833
C4298,2366.680000
C6961,2662.468571
C9652,2881.245333
C2805,2433.541176
C2898,3007.070833
C9186,3604.260000
C3452,2881.186364
C9678,2540.447500
C5374,2671.296250
C8917,1789.830000
C4707,3224.567333
C5456,1781.803077
C6489,1457.111667
C1400,2304.561538
C4642,1837.303000
C9062,3036.175455
C5938,2852.019091
C5153,1698.017500
C7414,3127.274286
C4407,2394.129412
C6358,2808.208889
C6188,2176.485294
C9990,3087.100000
C5420,2021.593636
C8339,2441.648889
C8156,2144.774000
C7620,1969.790000
C8212,2000.423750
C6019,2448.731429
C7048,2257.372353
C3577,2604.438462
C9977,3470.728824
C5158,2210.335714
C7662,1726.699444
C3172,2497.196000
C3188,2155.872308
C8757,1715.384444
C9036,2602.187143
C4560,2654.212222
C8991,2087.664444
C2715,2587.941429
C9375,3902.552941
C8546,2597.570000
C3048,3227.133077
C5680,1846.429286
C5669,3361.644545
C9155,2802.300000
C4126,2557.302222
C9530,2880.379048
C3370,1776.232000
C7467,2286.091667
C2170,2501.215000
C5773,2192.076923
C3885,2050.223333
C4014,3575.290526
C6906,2475.548571
C2585,2425.772000
C1579,2361.615000
C5249,2487.169000
C4189,2684.751111
C2719,2619.812500
C1973,1213.950000
C5332,1452.338571
C2073,2206.693636
C1541,3317.143750
C9953,1836.269000
C9469,1680.220000
C6030,2524.368750
C7088,2801.044545
C3064,2498.001111
C5318,3322.337692
C3747,1560.596000
C7266,1854.041667
C5468,2939.675556
C7859,3012.864286
C8461,2992.026923
C1805,3035.917692
C2722,2343.668333
C9761,2767.690667
C9630,1827.824545
C9380,2417.410556
C7791,3147.502353
C7991,2227.137692
C5572,2806.284000
C7637,3433.500714
C2338,2814.797143
C9376,3252.892308
C8453,2491.945333
C7039,3872.206923
C4925,2905.913846
C2536,2107.445882
C2912,2440.391111
C7310,1617.116667
C9068,1815.549000
C5233,1618.624167
C2162,2380.003333
C8414,2240.722000
C6803,2363.019000
C6104,2349.825000
C2795,1522.491875
C6100,1667.127778
C3716,3975.062222
C1413,3675.060909
C3804,1935.082000
C8594,2102.853077
C6298,2087.931818
C9259,2464.922857
C1755,2400.532727
C4448,1965.200000
C6995,2939.168000
C9074,2464.328947
C5535,3577.436000
C4422,1691.799231
C7813,3704.111000
C6103,1556.735000
C4985,2446.817143
C7980,1772.246667
C8966,2537.580909
C7272,3217.007692
C8493,2576.136667
C3928,2544.085294
C3564,2243.193333
C5764,2081.874667
C4646,1599.392000
C5720,3098.228333
C7024,2382.155455
C8027,2172.352000
C5998,2761.385000
C6701,2772.148571
C1781,2759.247500
C5336,2440.396667
C7205,2034.057500
C7162,3077.122500
C3241,2773.264167
C5006,2530.904615
C4326,2730.575385
C7383,2556.758000
C9724,1887.751429
C3210,2308.768000
C2114,3014.822000
C1429,3778.476250
C8337,2278.379231
C3246,2936.456250
C9617,2741.199091
C5192,2613.417778
C2064,2376.452500
C3956,1789.239375
C2802,3804.773333
C9477,3041.498182
C8322,1873.624444
C2182,2069.184000
C1810,2049.810000
C9149,2285.295556
C8065,3883.594167
C1730,2585.233000
C4143,2710.377778
C4587,2129.957895
C6621,3498.832143
C9151,2192.170000
C6815,2115.380000
C7834,2986.649286
C3318,2027.022500
C4991,2434.956429
C3057,2836.708462
C2876,2699.175882
C5088,3124.081250
C3838,2092.181667
C1578,2607.668889
C1966,3031.484286
C9789,2704.969231
C8236,4142.587273
C5928,2703.818889
C3545,2261.918000
C8839,3162.329091
C7931,2276.673077
C4880,2074.165556
C3670,2270.475556
C4789,2779.250000
C1714,3497.552353
C3104,3808.056250
C3036,2539.074667
C3499,1970.995000
C2400,1420.262857
C7483,2277.097273
C7103,2895.144545
C6141,1719.180000
C5585,1912.426667
C5979,1470.330000
C8519,2797.426250
C3855,2364.807500
C1287,3084.265000
C7596,2321.925000
C2911,2624.885455
C8098,1900.475385
C7055,2016.933529
C5185,2116.336429
C9874,2485.233846
C2640,2935.129375
C5439,2407.951111
C9854,2180.089333
C1519,1853.739375
C1307,2379.628462
C6283,3210.305714
C3680,3152.517500
C2831,2145.448571
C3733,2098.198889
C3886,2985.622308
C7507,3143.071111
C1276,1759.940625
C4156,2602.393846
C6302,1984.482941
C5801,2518.770000
C5118,2554.241053
C3127,2228.920500
C4096,2955.879091
C3058,2042.872857
C2204,2502.601538
C1999,1229.740000
C2676,3071.111429
C7855,2251.322727
C3067,2315.463333
C1133,2229.284000
C9698,2838.824211
C9459,1801.593500
C5030,2390.505714
C7235,3427.966667
C6877,3201.026000
C7275,3779.216667
C8312,3001.956667
C2960,2923.268000
C7041,2461.111429
C8974,2402.520667
C8125,2772.244545
C7782,2500.844167
C3102,2871.338750
C9072,2151.897857
C3573,2531.550000
C5785,3600.230909
C3861,1954.346364
C3502,2557.103684
C6905,2001.640909
C4075,2833.502500
C6563,2283.325000
C9234,2464.678462
C2088,2434.962727
C5887,2382.100000
C1251,3274.730000
C6209,3031.349286
C9853,1992.260625
C4035,2574.708750
C6379,2194.985000
C2711,2132.717143
C3799,4389.050000
C4577,2745.142000
C4549,2458.575000
C6908,4361.767500
C8488,2953.370000
C6735,2973.010500
C7759,1601.280000
C9771,1433.968000
C2979,2403.593000
C9282,2843.454167
C2235,2312.417857
C2080,1749.301111
C4240,2067.571000
C9322,2480.794667
C2902,2703.793571
C2291,1668.140000
C6007,2862.410000
C2908,2667.993750
C7124,3138.410000
C7998,1905.370000
C3535,2342.469474
C2272,2123.883529
C7732,2511.556000
C8040,2691.618889
C4659,2452.583333
C6031,2222.018571
C7882,2711.269286
C4780,1788.331250
C4804,2613.343571
C9880,2434.177333
C6666,2785.367500
C6162,2384.836154
C7032,1967.540000
C6833,3479.878235
C4913,2225.340000
C5073,2537.312353
C7545,2285.888000
C6726,2367.323846
C1509,3157.085000
C9197,3956.504286
C5919,2403.439167
C2914,1635.470909
C2891,3070.172222
C1298,2218.216875
C6960,2612.417647
C1260,2699.645000
C1847,2410.248667
C2334,2845.491111
C6552,1959.849167
C1182,3148.117222
C1472,3196.170500
C9593,2694.068000
C5174,2133.922143
C6616,2057.673125
C3050,2828.824615
C3583,2515.813810
C1044,2914.704000
C8418,1791.140000
C3684,2347.024615
C9705,2124.036667
C8097,2477.989091
C7835,2474.735000
C5518,3063.908333
C5366,2575.093846
C7819,2618.221250
C4740,3088.388750
C4904,2514.268750
C5304,2732.763333
C3921,1997.970714
C4420,3176.260000
C4824,2684.532727
C2289,2392.993333
C8274,2909.086000
C9494,2743.227857
C2720,2537.493846
C5851,3513.656000
C1522,1830.117333
C5932,2713.633750
C5613,3145.396500
C4601,1385.777500
C7447,2729.262000
C8412,1635.848421
C8471,2286.082941
C6847,1991.043125
C2132,2346.004286
C4653,3345.969167
C9080,2141.468571
C3022,2110.555294
C3603,2741.312941
C9471,2493.368889
C8972,2687.134000
C2095,2401.498889
C3765,2788.844286
C5005,1676.014545
C2521,2107.672222
C6707,3049.458333
C5918,2080.475833
C8378,2759.099000
C2437,2556.777692
C7510,2341.342500
C5609,3978.607692
C5472,2114.163750
C9087,2829.934615
C7692,2186.143333
C7468,2406.684375
C7547,1602.646667
C5884,3059.990714
C2791,2426.147500
C3845,3321.547273
C1785,2192.527273
C9688,3562.207143
C4327,2267.711538
C7968,2283.816667
C1098,2213.073750
C2327,1883.257778
C8847,2414.619375
C3664,1578.394167
C8287,2761.132727
C3142,2498.230000
C2600,2660.473750
C9608,2113.520000
C7274,2576.912500
C1171,2582.641333
C2780,1753.545000
C4289,1964.947647
C6394,2036.889333
C5216,2716.142941
C8899,1866.490000
C7357,2586.114615
C1070,2497.865333
C8805,3413.189167
C9028,1843.966364
C7914,2254.336667
C9681,2750.258333
C1451,2259.842308
C9485,4160.446250
C2228,2454.333333
C6039,2653.700625
C5798,2862.756364
C8316,3417.807000
C1351,2938.731579
C7633,2261.900667
C4415,2253.755714
C4952,2408.461111
C4435,2111.643750
C8476,2189.609333
C9828,3326.784375
C6147,2662.368750
C7856,3750.860000
C1108,2536.857647
C9805,2273.133333
C1693,2483.441250
C2152,2840.919000
C9194,2126.246000
C4522,1962.235000
C6648,2272.764444
C4754,2906.490000
C8719,2271.307647
C5525,2789.355455
C1067,2570.276667
C9221,1892.103333
C7999,3745.336667
C7453,2778.284375
C2410,1673.621000
C2994,3043.510000
C5871,2832.492667
C5198,1939.761111
C7756,2526.255882
C8684,2266.830000
C9719,1435.820000
C4900,2348.482222
C6676,2799.116250
C6857,2728.265000
C4342,2294.594375
C8459,2422.033750
C9845,2170.672353
C7061,2039.950000
C6404,2259.972500
C1939,2688.774615
C7797,1381.848182
C9646,2188.905000
C6990,1773.132857
C8586,2668.200833
C4830,2228.768667
C9675,2141.950000
C1481,2385.201875
C4997,3247.808333
C4894,3207.460000
C2127,2330.191818
C6944,3088.247778
C7548,2828.295385
C8115,2495.674286
C3345,3647.970000
C6301,2724.908462
C7723,3053.444545
C1770,2832.813636
C8800,2369.575833
C9657,2170.900000
C8095,2860.962000
C7477,2300.720000
C2382,2861.760000
C6335,2072.691667
C7126,2466.307778
C2171,1908.175000
C7831,2202.389000
C6551,2314.074118
C6072,2710.141429
C9708,2150.606154
C3267,1961.085333
C6250,2788.247222
C2868,2390.075714
C2237,2235.619333
C4133,2223.382667
C8559,1910.922778
C5520,2725.406667
C7824,2886.162353
C2142,3412.488571
C5548,2363.872222
C5042,2470.830714
C6356,3191.453333
C7818,2521.296364
C9616,2725.318333
C8857,2136.499286
C9599,1517.511429
C4321,2854.304667
C3425,2494.309231
C9019,2756.634737
C1285,1803.853333
C4138,2299.580000
C3166,2761.527857
C1499,3314.443000
C7012,2969.059091
C8483,2222.815263
C2974,2533.228571
C8697,2373.072143
C3028,2628.191250
C4260,2000.795333
C4427,3107.332500
C4983,2481.480769
C8313,2326.195455
C1683,3420.534000
C4576,2682.771667
C9637,2259.096364
C1075,1445.790000
C1005,2572.771429
C7378,2118.152500
C7117,2646.641818
C9907,2197.694667
C6727,1225.363846
C2351,935.901250
C4649,2639.201176
C7746,2205.447500
C6708,1433.852222
C1265,3378.403000
C5617,2146.309375
C7685,3023.016667
C6202,2540.724286
C2582,3147.180667
C6823,2907.740000
C5636,2257.920000
C5428,1756.354667
C8628,2241.958500
C2558,2032.503077
C9847,1347.507000
C8079,1534.047692
C5278,3652.959375
C8455,2969.664545
C2169,2625.843077
C5365,1958.512222
C4069,1646.479167
C1670,3399.166923
C9801,2249.410000
C8785,2245.758571
C4297,2752.998125
C9281,1898.438333
C3580,2133.465000
C8064,3621.042000
C9809,4208.541667
C4278,2358.650000
C1643,2705.242000
C6146,2103.898889
C6094,1835.472727
C7100,3009.791538
C9519,1576.856667
C4902,2326.293571
C6207,2344.755000
C1103,2869.615455
C8567,2033.176667
C1789,2199.905556
C5077,3294.411667
C7728,3723.332857
C8396,2539.276111
C6590,2262.583750
C9754,1961.442857
C1060,2713.472308
C9122,2856.448824
C2053,2486.026923
C4725,2465.694167
C7192,2564.805000
C6137,2690.605000
C9667,3453.001111
C5051,2118.852632
C5064,3147.440714
C9456,1567.037333
C9452,2042.321538
C6214,2207.355294
C4045,2749.004000
C2527,2567.193750
C5350,3333.487273
C1523,2352.151250
C1222,2519.105000
C6401,2199.879000
C2292,2201.045000
C7769,2508.540667
C9988,2147.668333
C8835,3334.169474
C5640,2583.136429
C9859,2641.255000
C9294,2691.024118
C7905,1769.514000
C9722,2860.449000
C4588,3377.150000
C9792,1437.142222
C8696,2819.681333
C5843,3150.350000
C1626,2875.788571
C7624,1458.011538
C8463,3082.861000
C2571,2221.239444
C8448,2354.034000
C6717,2219.382727
C2309,2945.293571
C7950,1462.436364
C1994,2947.688333
C6984,2016.958889
C4086,1797.715000
C3933,2209.201000
C7480,3194.248750
C9883,2157.869375
C9238,1775.100909
C3184,2839.317000
C4436,3350.661333
C7549,2047.562857
C3540,2072.771538
C1453,2275.200000
C1871,2181.963333
C5481,2174.946923
C7004,2709.981111
C2663,3017.803889
C5587,1967.303846
C2967,3177.053636
C5999,2468.840000
C5507,2555.814286
C2191,2778.021333
C5186,2407.749286
C9089,1393.680909
C6543,3325.742667
C2413,2281.469333
C9199,2090.111176
C3393,2796.328889
C6293,2784.710000
C4949,2016.608000
C6109,1927.612727
C1512,2479.745714
C3081,3225.329000
C8642,3469.511818
C8816,2813.901333
C8341,3272.148000
C8103,2025.274167
C2972,2165.370625
C6503,2244.591538
C1471,2026.758824
C4645,1811.886429
C4770,2883.930769
C1432,2652.380000
C8706,2100.325556
C4959,3416.141667
C8807,2056.696154
C1419,2438.908182
C7823,2288.574667
C9658,2597.175714
C6810,3169.962778
C3565,3089.426000
C4718,2007.634000
C7734,2793.300000
C9414,2262.062000
C5352,3204.940000
C3671,2222.130714
C7873,2556.183333
C6513,2689.244444
C5403,1547.130833
C8728,2363.010714
C5501,3190.775714
C2431,1944.655714
C7154,2177.878462
C5946,2277.232727
C6064,2709.348000
C1113,2121.148889
C3526,2936.736667
C1738,1822.782000
C8231,1936.998824
C7454,2962.335000
C7238,3414.702500
C9292,3322.617500
C5840,2920.184000
C2887,3150.625000
C3989,2675.966000
C1083,1955.782222
C2535,3114.375000
C4643,1869.954375
C3712,3416.835000
C9357,2138.167273
C6806,2812.464286
C6628,2320.810000
C7153,2937.693333
C3378,2789.828889
C7800,3112.659375
C4641,2658.622353
C2819,3124.298462
C1887,3189.182857
C8353,2853.266818
C1949,2310.300714
C8585,1145.325000
C1068,1155.021000
C3832,2355.550000
C5803,2542.311000
C9140,2387.227857
C3138,2011.900769
C7862,1799.100000
C9333,1742.281000
C8731,2305.843333
C8061,2485.175556
C3466,2113.275833
C2098,2745.662778
C7425,3643.259000
C8289,2550.595200
C2821,1822.777778
C7199,2938.550769
C7288,2702.523636
C2980,2221.465385
C4525,2367.946923
C3316,2720.071176
C6120,2591.361111
C4295,2330.974737
C5973,2326.864167
C5547,2944.708182
C9741,2687.918182
C9288,1885.118000
C6076,3001.900000
C2618,1767.847778
C8344,1701.294545
C2969,1912.461538
C3420,1714.115000
C8751,2298.942000
C1505,1455.313571
C6949,2670.101667
C3220,2270.967778
C5567,1452.218889
C6700,2039.383571
C5836,2409.177000
C2632,3841.046364
C4060,2501.766875
C6650,2562.916667
C6484,2333.179167
C4999,2394.041818
C1698,2183.968000
C5400,3029.093846
C6153,2392.299091
C3946,3334.306667
C1901,2418.750000
C7513,2228.492143
C8377,2890.193077
C3480,2715.411538
C4122,2932.930769
C5815,1378.624000
C6509,1862.075000
C4661,3156.898182
C2353,3721.987778
C1864,3161.765000
C8571,2242.039333
C2456,3268.564000
C8979,2328.321429
C7485,2372.651111
C2040,2109.465789
C3273,2369.077368
C6819,2992.828333
C5334,3409.646154
C2666,3312.143000
C1500,3086.661667
C1744,3233.801429
C8392,2220.694000
C8647,3220.804615
C1248,2708.341429
C3754,2574.884000
C1577,2561.486250
C5709,2834.354444
C4111,2610.625263
C8926,2825.093077
C3604,2592.748750
C3485,1510.909375
C2581,2564.523529
C1107,2732.522857
C6295,2570.730769
C9385,1856.608750
C4940,3622.783571
C9877,2807.603529
C5453,1699.884118
C9762,2366.274706
C5593,2168.260000
C8971,1795.244444
C5667,2100.923158
C2616,3080.965263
C9431,2370.666154
C5714,1481.385385
C7533,2094.851000
C5513,2320.650000
C1872,3284.787273
C5173,2656.620000
C9195,2826.685714
C8870,3006.965385
C9815,3154.907000
C3325,2642.817500
C4438,1783.165000
C7522,1921.102500
C7787,2108.628000
C8307,2376.553636
C3987,2051.656667
C4062,3352.812308
C4829,2997.446667
C4449,2033.059231
C3643,2516.121111
C9717,3031.981111
C7641,2401.846364
C2415,2359.663182
C8659,2370.877000
C1632,1899.564545
C3276,1587.328000
C4488,3794.172500
C8762,1832.950000
C4161,2754.493125
C7302,1694.081818
C9752,2316.704615
C6222,3524.561538
C2089,1358.338571
C7698,2463.782143
C9505,3587.382222
C9574,1935.445000
C5685,1523.680000
C1198,3188.457000
C4206,3447.927857
C4446,2603.031538
C5502,2803.266154
C7311,1808.797143
C4735,2598.549333
C7412,2730.473000
C7457,2545.687333
C1370,2670.400000
C2579,2490.331250
C3860,2115.910000
C7040,2628.405000
C7038,2346.565238
C5899,2261.908824
C9936,1814.303571
C4038,2773.197143
C3214,2882.913333
C5765,2626.600909
C8510,2130.816923
C3556,2261.515833
C4738,2671.694000
C8332,2691.614000
C5862,2312.851111
C7221,2937.756154
C8905,2419.987143
C4817,3093.470000
C4335,2302.222941
C7471,2132.854167
C6297,2077.460000
C7532,2284.890909
C3171,2130.888235
C3016,2312.283846
C5967,3133.135333
C8088,2555.418571
C5784,2350.877500
C5772,1447.529000
C5955,2688.766875
C2726,3036.740000
C1516,2439.398750
C1161,2904.890000
C9803,2495.255556
C8288,2966.430000
C8431,3093.317857
C1924,2124.310000
C9588,1352.281818
C1588,3033.315000
C5458,2380.543889
C9233,2000.225714
C3888,1749.868333
C6115,3083.191667
C7181,1954.412857
C6142,2200.141429
C5688,2269.927273
C7374,2643.863333
C4977,1926.403333
C1550,3264.985789
C9230,2081.309286
C7391,4060.777778
C7134,2279.222000
C2631,2384.371333
C3638,2725.940000
C8776,2474.429231
C4755,2716.234706
C3531,3079.032500
C2026,3317.628000
C7439,3044.855385
C8631,1783.851111
C2331,1494.143750
C3282,2373.792353
C3624,2892.300909
C3467,1904.836364
C7382,2269.787692
C9676,2994.875714
C3912,2022.235000
C6263,2638.285714
C8162,3210.555000
C7009,3166.863000
C8219,1938.285000
C8558,3071.568571
C3441,3993.703571
C8532,2569.002000
C4838,2905.141111
C8425,3437.280000
C7704,2241.203500
C9730,2222.980000
C2622,2513.089091
C7062,1903.302143
C1203,3477.384000
C4534,2094.107692
C8263,1679.704000
C8266,3373.670000
C1122,1492.605000
C9178,1418.942000
C3959,2999.321667
C7536,2933.143750
C6589,1251.757500
C4611,2136.377647
C7517,1787.355000
C7146,2312.760000
C2369,2513.460556
C5738,2092.607143
C7322,2851.085714
C2820,1987.213333
C3827,3027.335385
C3394,2757.932727
C2626,2601.440000
C1211,2938.385455
C1919,2197.921538
C4259,3833.192857
C1750,2750.617500
C4213,2954.393333
C7864,2558.699500
C6289,3372.605455
C9869,1540.550000
C1783,3170.265000
C5182,2523.296000
C9496,1848.947143
C3695,2279.136250
C2561,2920.141667
C2862,2845.365333
C4007,3002.507500
C8363,3634.432727
C8119,2377.381176
C2427,2618.168462
C6412,3790.845714
C1242,3224.622500
C1099,2064.981429
C8536,2424.602308
C9986,2726.060625
C9660,2419.598571
C5964,1754.010909
C2806,1310.820000
C8527,2293.774615
C7315,2544.842143
C8970,3183.536154
C8140,3093.602500
C4852,2578.297500
C9555,2242.718824
C6566,4075.230000
C6044,4183.385385
C8209,1757.194545
C1712,2264.084167
C2372,2191.738333
C5512,1759.938235
C8290,2700.804444
C4195,2879.901538
C8869,2259.841765
C3247,3018.374286
C3830,2795.365556
C7411,2688.373158
C9862,1200.703333
C7809,1410.060667
C8037,3575.458889
C2199,3078.964615
C1622,1670.975714
C5263,2214.311818
C4821,2350.576250
C3270,3289.682667
C9597,2844.425714
C3128,3181.348000
C6962,1924.535556
C5211,2407.451111
C3995,2630.410000
C9055,2333.449091
C5541,2813.683000
C6083,2473.446667
C1982,2655.226364
C5701,2986.951429
C8786,2938.330000
C9642,2907.915455
C5271,3203.346875
C2674,2118.137647
C3703,3045.021250
C3649,2521.424667
C2514,1567.591667
C2341,2189.439474
C4183,3054.381667
C1913,2674.721667
C9993,2355.010769
C9640,2703.860000
C6919,1703.785714
C7929,2546.464000
C5478,1951.555500
C1043,2863.812000
C7940,2230.250588
C5626,1903.011538
C9127,2675.140000
C2749,2463.787000
C6204,2751.872500
C8435,2076.490909
C4101,2013.311000
C2880,2844.674615
C9321,2116.572222
C6040,3292.995000
C6169,2038.383846
C8890,3176.502857
C3794,1344.427500
C9331,1917.215556
C9400,2556.226154
C5160,2015.247778
C1325,2497.104000
C6307,3888.465833
C4107,3342.976667
C8574,2729.735000
C6496,1804.277500
C1018,2656.726250
C9347,4424.344286
C9910,2476.601667
C2517,1984.872222
C9372,2810.190588
C1612,2001.622353
C7441,2099.444545
C7854,2272.339000
C4870,2691.009231
C5580,1857.222222
C6212,2022.829167
C6927,2354.322000
C2794,2889.911000
C4559,2894.155294
C6950,2992.456923
C3226,2356.442857
C5852,2979.187500
C8769,2955.860000
C6983,2425.615833
C7884,3202.803000
C3637,2830.035000
C9015,2092.477143
C2531,1789.715000
C4623,1201.941000
C4119,2123.133333
C2383,1872.168000
C8350,2937.112308
C3616,3319.147500
C6369,2655.923333
C1296,2376.913571
C9725,2667.680833
C2693,2933.376364
C1069,2824.212105
C1202,3045.960667
C9727,3008.406154
C6654,2629.448750
C5099,2155.331538
C4747,1724.115385
C8092,3178.281667
C6122,1735.880909
C4855,2069.814286
C2580,3101.957500
C4581,3094.377500
C7876,2448.234000
C2401,1993.348000
C3904,1807.523750
C7969,3117.725000
C7880,1630.951111
C8403,3322.303333
C2947,2319.140909
C5978,2487.433077
C1682,2444.960000
C4451,2726.038182
C3978,2927.000769
C3749,2510.741818
C9126,2547.360000
C4314,3305.403158
C7329,3451.865833
C6327,2362.621429
C1583,2010.445556
C5008,2329.190667
C8369,2541.293889
C3652,2265.945000
C9661,2090.103000
C8398,2298.117692
C4387,2813.835625
C9128,2924.437273
C8358,3754.548000
C2752,2917.360667
C5597,2388.427500
C7697,2684.945714
C3500,1684.243333
C9985,1746.161000
C1948,3880.247273
C7094,2885.835833
C1391,2502.732727
C1644,3001.311053
C7463,2526.575000
C5159,4185.225455
C6013,2393.626000
C1565,3327.950000
C2360,2032.897692
C2094,2610.541538
C2324,2293.481538
C4572,1927.198000
C4918,2914.092857
C3082,1688.129286
C8986,2451.627857
C6428,1906.588333
C9938,1835.366000
C8689,2089.666364
C6213,2098.047143
C4689,1044.005714
C2968,2229.178889
C3694,3674.054286
C5623,2547.503333
C8654,1183.301333
C9644,2976.826667
C5448,2417.824375
C3040,2744.630000
C6385,2641.350000
C5021,2723.643077
C2808,3133.090000
C5653,2415.975833
C6724,2497.233333
C5694,2291.436667
C9610,3312.596923
C4033,3182.840000
C8796,3752.129333
C5128,2768.154545
C7113,2052.358333
C1124,2789.104615
C8778,2214.814667
C2589,1262.271429
C7709,2192.074000
C6714,2865.328000
C3856,2515.786154
C6447,1985.378571
C3701,1216.785000
C2420,2382.482857
C8277,2477.338182
C1406,2230.136429
C4711,1832.891111
C6257,2392.520000
C1089,2411.556154
C4248,1487.247143
C4047,2250.097143
C4200,1662.175000
C7399,1754.636250
C9980,1893.010000
C9806,2840.119286
C5736,2383.790000
C3614,2617.840909
C3206,1857.561538
C9265,2611.784545
C3849,2139.735556
C9441,3094.641000
C7930,2945.136364
C8275,3104.642000
C6426,2190.776471
C8360,2566.190769
C5259,3004.513333
C8251,3836.151667
C7872,2549.948571
C3417,2413.510000
C7003,2197.540000
C8057,2856.353750
C7193,2834.759091
C7243,2077.670000
C9418,2620.772308
C8744,2790.115833
C9955,2310.295714
C3675,1449.338182
C9711,2387.789286
C5386,3511.492941
C7098,1490.573636
C4444,3306.112667
C2177,2584.522222
C1802,2906.522000
C3389,3480.864167
C3966,2320.126364
C5794,2523.390000
C1048,1369.030000
C6704,3734.859231
C4749,2006.595882
C6367,2448.143077
C1362,2613.921818
C6419,1168.814286
C2036,1338.886923
C4876,2707.951818
C6288,2509.451429
C5484,3748.617273
C2173,2288.395833
C4061,2103.466667
C6442,2669.667500
C9118,2370.156364
C3445,2913.041176
C9721,1804.528000
C2518,3039.821250
C6469,2840.027857
C4593,3537.638462
C3281,3115.441875
C8380,2333.581429
C2740,2278.110769
C7182,2325.171111
C6311,2455.755000
C5459,1853.675385
C1470,2220.787857
C3822,3881.541000
C4550,1754.589412
C9954,1996.976667
C7286,2489.488571
C1492,981.104286
C7687,2633.980000
C7481,2070.378571
C6828,2896.218462
C7318,2362.938000
C2054,1778.336667
C9112,1983.496000
C4266,1690.625714
C5361,3673.340000
C6933,2015.383000
C1363,1502.740000
C2232,2236.179167
C3536,3683.090000
C1238,2017.412222
C9427,2152.830000
C4943,2734.028235
C6397,2973.363636
C2642,3177.890000
C6205,1652.698750
C1960,2952.518889
C1985,2389.083333
C9332,2524.112000
C1697,3032.194167
C9557,2488.450769
C1777,2384.415385
C9901,3375.211111
C7209,3599.673333
C1225,3062.577647
C2768,2601.233846
C4790,1404.916250
C4312,1857.737619
C2573,2678.791000
C7372,3490.764286
C6918,2244.102941
C4439,3146.670000
C3997,2573.968462
C2732,1982.941000
C2701,2031.966429
C5515,2422.928462
C9302,2206.367647
C6907,2739.234667
C7870,2115.324667
C6851,3248.315556
C4499,2846.745000
C3977,2019.617273
C5971,1930.508750
C1271,2735.184667
C5896,2378.476667
C7138,2590.215000
C2296,2204.423077
C4839,3247.246154
C4437,3111.344167
C1464,2947.231429
C4406,2133.339231
C5200,4064.407000
C8681,2762.753333
C4470,1656.381333
C9785,2940.698462
C8051,2533.441000
C3437,1524.080000
C8320,3605.333333
C7766,868.932000
C8576,2477.367857
C4341,1855.174286
C6233,3074.338333
C4742,1929.390769
C2883,2800.169091
C5930,4326.276364
C5654,2903.887273
C7021,2494.210000
C5145,3439.005000
C5732,2994.947000
C1818,2623.623000
C2903,2640.198571
C2093,2806.298000
C6480,2638.032500
C7955,2765.555000
C1725,1472.873750
C4207,2208.030833
C9240,2345.465833
C4842,2930.438235
C8137,2388.011667
C8222,2072.381875
C5142,2153.296364
C9201,1282.111905
C6937,2931.835000
C2078,3613.182222
C4037,2762.301818
C2086,2628.614286
C1431,2868.918750
C4515,3199.875000
C5496,1943.855333
C3900,2584.702143
C2975,2210.921818
C4218,2630.001538
C8192,2225.705500
C5066,2226.409286
C4555,2345.322273
C7150,2519.434444
C8878,2233.030000
C8024,3590.750000
C1234,2581.523333
C9921,2290.566667
C8648,3247.858571
C7403,4004.433846
C4717,2280.133889
C1395,2204.350000
C7219,1857.928182
C4526,2781.983571
C6248,2638.464286
C7792,2899.879231
C8165,2559.645455
C4509,2128.205714
C1820,2988.524375
C5981,2665.269286
C6884,2314.567273
C6259,2292.225000
C6354,1970.172000
C5630,2114.703333
C7798,1709.223636
C8729,2819.628333
C3672,2652.245000
C3529,2413.192222
C2020,2644.242500
C8644,3367.015000
C1149,3153.487692
C3578,3098.409000
C2804,2230.368462
C1606,1498.198750
C7157,2712.073333
C1771,1400.587143
C8826,2626.047857
C8958,2395.517143
C9359,1866.209444
C1057,2226.676667
C7118,2535.171818
C7427,2372.265714
C3882,2170.601429
C3359,2019.739000
C3803,2293.046875
C1611,2245.905000
C8238,2440.610000
C5401,2650.272632
C6588,3484.013077
C2395,2207.239286
C8884,2447.333333
C6821,2776.996364
C9903,2375.463000
C3091,2907.320909
C8610,2090.423750
C3068,2705.970588
C9689,2187.116923
C3187,2311.304737
C7362,2425.013077
C9360,2053.420000
C4393,2513.011538
C1584,2554.565455
C4418,2248.298947
C9945,1981.068889
C3582,3129.183636
C1483,3083.483333
C9480,3075.019000
C7827,4656.605000
C5516,2900.137500
C6201,1666.515000
C5920,2628.997647
C6646,1658.922857
C2995,2752.174444
C2963,2731.675556
C5440,2372.785000
C2305,2967.876842
C2434,3343.135000
C4010,2282.486875
C3814,2657.817333
C7656,1912.111333
C1310,2155.351538
C5582,2085.950000
C7960,2719.202500
C9255,3357.102632
C6408,3227.188889
C7304,2303.617368
C3834,2305.256000
C5800,1922.009167
C5189,1667.124167
C7019,2578.388889
C4224,2836.675385
C9981,2653.444000
C3905,2274.300556
C6596,1913.354118
C4953,2446.125333
C6965,2252.438889
C7658,2404.402941
C8155,2578.097500
C4392,3526.289231
C1991,1791.643333
C2548,2656.368571
C2646,2560.050625
C4317,2509.030000
C4797,2965.365000
C2948,2538.670769
C6863,2527.291250
C5643,2331.873000
C2485,3522.579167
C7223,2338.833913
C2323,2046.426000
C1437,1718.221250
C5229,2817.221333
C8927,2611.940000
C5510,1786.812500
C4527,1599.478889
C8058,2630.562000
C9659,2009.712143
C9462,3077.447895
C8710,3043.530000
C2890,2134.617273
C5480,2195.073571
C3894,2950.957692
C2099,1552.512000
C6476,2538.740000
C9379,1824.721500
C4179,2301.460000
C8187,2909.559333
C1426,2012.263000
C2542,2079.679000
C6225,3218.290000
C4562,2366.910000
C9867,2146.610769
C2515,2547.182308
C8478,2580.618000
C1929,2221.723333
C8232,3845.945000
C8828,2621.605455
C1716,2720.754286
C2879,2566.316154
C6518,2401.250476
C8933,2819.271429
C1371,3379.243333
C7691,2102.210714
C6759,1602.027000
C6802,1788.515556
C3742,2447.836875
C9189,2851.341875
C2225,2214.196667
C5474,2596.210000
C4656,2620.420000
C5371,2194.402222
C5566,2615.835455
C6373,2292.518889
C8462,2273.244545
C7317,2130.283636
C6914,1656.553333
C8185,2291.725882
C1459,2381.102308
C5475,3774.150909
C1034,1742.074615
C2694,2280.795294
C2756,2761.703750
C2675,2291.589333
C3115,2562.459167
C9830,2780.502667
C6274,2562.444615
C1324,2980.633333
C8599,2913.724000
C7431,2973.452727
C4163,2542.651429
C9972,2483.822857
C1793,2471.208182
C5848,1524.935556
C2017,1715.056316
C1292,2116.710000
C7560,2990.817500
C9250,1635.072000
C4411,2759.610714
C6264,3259.600909
C2231,2309.415455
C4361,1849.303846
C4885,3449.351111
C5387,2721.968889
C1751,2983.785385
C6887,3179.748462
C3862,3068.640667
C9463,2565.768000
C5996,2689.995000
C1597,2895.544444
C5788,2318.995000
C9003,2252.406364
C8668,1160.567273
C9071,2210.647273
C6287,2675.494545
C2738,2131.880000
C8348,2039.336667
C3866,3105.884167
C8570,2930.963571
C7377,2507.155455
C9757,2140.706154
C5067,2755.546667
C7068,2928.130000
C3361,2330.964167
C9960,2109.154286
C7666,2947.734000
C6629,2762.696429
C9423,2299.923333
C1484,2069.322000
C8560,2529.015000
C6749,1892.905000
C7316,2535.130833
C1469,3037.315833
C5750,2582.547000
C1264,2216.112500
C8227,2849.737143
C7665,942.452500
C1621,1791.622500
C3593,1839.232500
C7987,2840.675714
C9501,2096.625652
C8854,2721.025833
C8810,2067.765000
C5257,2805.851818
C4169,2335.754286
C7451,2600.714000
C1435,2984.335333
C3330,1309.567273
C6308,2215.680909
C4041,2658.976923
C7367,2936.923077
C1175,2459.845714
C8961,2780.676667
C2633,1998.764000
C5074,3328.501250
C1640,2274.469333
C5559,2571.519231
C6133,2380.902353
C1736,2422.645000
C3367,1682.271333
C6121,2059.848182
C5910,2492.236667
C6805,2424.855000
C4713,2507.415455
C1533,2761.555833
C3486,3041.475000
C5143,3104.625385
C7290,3300.271765
C5766,2045.175000
C9420,1728.634615
C8739,3017.465625
C2481,3248.513684
C6899,2339.856923
C4258,3388.568333
C1190,2987.502500
C5659,2823.382941
C5357,2320.673333
C7539,2219.218667
C1170,2821.591250
C9621,2685.467647
C5197,3054.382500
C8338,2052.220000
C9850,3554.918000
C8424,3111.462500
C5206,1407.533889
C2986,3057.085000
C2261,3060.186667
C4445,2555.438750
C5320,2822.925714
C7812,1303.530833
C6285,2867.130000
C4650,3453.715625
C5205,2772.057143
C4301,2727.260000
C5897,2965.788182
C5315,2599.226429
C4781,1959.380000
C2343,2825.684706
C6644,2809.101765
C7956,2634.455385
C4008,2593.686364
C8225,1761.390833
C9131,2492.198667
C4192,2866.685455
C6192,3211.047333
C4861,2831.691000
C4460,3112.189375
C2865,1712.819286
C9629,2719.297143
C1832,2608.728571
C5579,2857.902500
C5112,2183.069167
C1197,2439.100588
C8587,2543.982143
C4394,2855.552000
C2789,2251.180000
C4690,2959.818333
C2105,2458.905833
C4483,2564.149167
C9645,2717.664000
C5425,2010.440556
C2901,2908.285000
C8777,1624.783333
C8989,2515.157692
C7830,2675.691000
C3146,2193.895000
C9191,1714.091111
C6998,2964.796154
C1031,2460.678182
C4412,2242.024000
C9125,1482.527143
C9311,2009.899444
C7313,2001.481111
C4848,3160.932667
C7258,2298.367895
C5218,2267.442000
C6434,2644.295000
C2822,2962.639412
C2108,2842.098571
C5208,2355.166923
C3773,2407.737273
C8781,2963.590000
C7521,2390.055000
C1494,3410.656316
C1061,2486.633333
C2198,1312.475000
C8543,3413.887500
C9382,2628.881250
C3852,3127.666250
C7578,2930.900714
C4332,3120.475000
C8825,3034.454286
C8020,2807.448333
C4679,2347.058667
C1064,2011.542857
C1013,2306.250000
C7866,2339.376667
C1514,2802.451176
C7312,2982.280000
C9411,3057.614444
C9550,2838.446154
C1430,2548.985909
C4964,2286.083333
C4090,2484.696429
C5043,2682.145000
C2873,3552.370714
C9565,3009.349167
C7232,2217.848095
C7794,3721.405455
C4970,2213.727000
C8009,2192.717857
C2895,3082.511875
C2776,2598.109412
C6454,1717.366364
C1232,2418.995294
C7460,3702.461538
C4336,2728.528750
C9313,2056.656923
C5832,2599.369000
C3868,2147.386000
C7661,2360.596364
C7847,2797.080000
C5739,2019.390667
C4201,2127.839286
C9490,2779.721429
C7361,2146.638000
C5682,2580.232222
C4277,2638.124167
C4947,2156.006667
C2830,3332.543636
C7585,2371.568462
C4191,3210.211250
C6497,1260.038889
C9447,2681.894375
C8708,2301.011538
C3661,2641.317143
C3252,2874.816923
C5941,2402.202727
C2001,1936.618750
C5927,2544.029231
C4779,2554.193571
C3289,2357.944545
C5592,1966.654615
C8221,2963.360000
C8158,2509.247778
C2878,1632.681000
C9324,1595.686667
C2016,2475.129000
C9978,2519.394375
C1885,2151.665455
C8321,2450.514545
C3881,3246.566000
C6392,2579.796667
C6475,3145.451111
C4461,3233.865000
C9841,2349.517000
C1046,3470.650000
C9740,3857.616923
C2944,2221.824667
C2562,3992.765000
C5812,2557.412143
C1480,2449.902857
C1255,1919.667333
C5878,1150.917000
C9025,2889.500909
C6560,2639.077143
C7364,2002.334444
C4484,2739.760000
C2682,3161.956364
C8874,2253.999000
C2652,2250.475556
C6720,2749.334286
C6539,2514.485833
C1216,2723.435455
C9535,2665.866667
C8848,1996.224444
C3789,2443.335000
C9541,2027.503000
C1071,2860.248462
C1045,1577.331667
C8139,3548.214167
C5258,2777.246154
C6033,2879.899231
C9270,1581.133333
C8651,1997.717273
C1134,2314.455000
C3980,2728.816667
C6657,1850.046154
C9002,2934.341000
C1861,4623.633750
C8934,2055.350000
C1282,1454.302500
C7985,2186.060909
C7091,2727.775000
C6682,2846.960000
C8110,2147.013333
C7085,3036.080714
C5902,2369.176000
C9056,2440.584444
C5712,2642.404167
C3353,2835.981333
C5616,3493.188333
C8284,2718.902143
C5904,2314.745556
C6578,1599.969286
C8635,2415.142308
C2377,3105.069000
C4911,3104.765385
C4836,2987.884444
C5894,3268.747000
C9325,1918.284615
C6231,1357.270909
C6947,2528.490000
C8881,2884.706429
C7743,2375.904615
C7280,2990.777692
C2767,2350.205000
C2786,1697.195833
C3968,2748.841667
C1766,3788.312857
C7625,2639.217273
C3568,2318.067000
C2244,1395.877857
C5531,3146.912500
C6359,1417.978750
C5283,2622.455000
C9317,2475.710909
C9261,2303.376154
C5821,3690.096364
C3435,2762.174706
C8499,2468.315000
C4975,4130.688889
C2594,2732.622727
C5022,2907.221000
C8002,2902.200714
C1754,2833.230000
C9049,3042.675294
C8014,3073.070000
C7638,2908.032143
C3781,2656.850000
C7166,2569.515000
C1466,3257.372143
C6643,2566.714118
C9383,1805.987143
C1072,2717.380000
C9183,2018.938824
C4325,2461.816154
C8738,3068.131111
C4046,2438.106111
C7783,2786.092353
C7740,1973.476667
C7678,2394.432222
C1749,2233.946000
C3524,2240.638889
C3546,3499.346000
C1273,3574.857857
C4000,2330.465000
C5670,2432.270500
C7500,3070.320000
C6663,1805.295833
C7675,3015.809091
C4413,2972.851000
C7486,3119.867500
C2262,2208.733333
C7796,1678.024000
C6758,2738.856364
C5789,2214.220588
C6594,2239.008462
C1015,3203.941818
C3100,1945.597143
C6425,2127.037647
C3242,2663.689091
C5375,2634.162667
C9517,2899.907143
C9326,1871.889091
C2790,2600.378889
C4981,1994.300000
C9995,1870.700000
C8197,2356.499286
C9779,2410.743750
C1011,2503.033750
C3607,4275.714000
C4857,2486.963333
C5723,2842.997500
C7619,2781.644545
C6191,2123.530714
C8514,3182.485455
C1297,2342.830000
C6746,2600.954706
C6145,3009.510000
C4029,2416.060000
C3743,2195.221667
C4507,2704.914444
C3922,1805.827143
C1843,2530.616667
C3723,2311.166000
C6978,2420.623333
C9961,2917.278889
C7105,2932.098750
C4142,2285.380000
C5254,2859.633000
C7215,1865.144118
C3771,2260.526923
C8122,4084.537222
C9691,1857.848750
C8021,2361.699474
C9911,1983.818462
C8582,2270.316667
C4698,3471.783333
C3372,2695.735333
C3165,4202.043125
C7051,2433.565833
C7551,3224.732308
C7173,2875.076429
C7741,2705.360000
C4187,2980.633571
C9941,2317.813333
C3116,3660.897143
C3208,2166.630000
C5552,2464.221500
C2930,2262.194375
C5970,2700.765714
C5731,2930.476000
C4935,2824.680000
C7030,1861.726667
C4532,2561.605556
C4110,3068.893077
C5666,2566.009091
C5991,2937.230909
C1705,3751.639091
C4104,2839.050000
C8910,1693.344667
C8820,1870.017857
C6528,3014.211250
C5989,2825.397273
C7119,1901.917500
C4681,1825.034375
C9663,2974.515000
C9738,2758.493333
C5076,3178.136000
C4040,3011.289167
C4274,2081.696000
C7417,2237.146250
C8291,2200.996667
C7087,2187.268750
C8925,1886.733158
C4737,3149.743333
C7726,3127.049333
C1270,1962.770833
C7565,2626.862353
C1329,2072.078000
C7435,1980.710000
C9728,2881.162500
C7366,2521.000667
C5429,2695.671333
C1106,1741.025714
C1544,1649.993333
C6586,1560.989231
C6473,2337.190870
C5019,2510.969333
C2213,2953.111818
C1442,3021.952222
C7120,2223.615833
C7729,2277.586250
C1387,3214.278750
C6684,2851.581429
C9763,2066.212308
C8662,2363.817273
C3660,3182.110000
C7464,2861.518462
C8017,2054.018000
C7014,2455.217500
C9956,1852.994286
C5001,2569.722000
C9086,2571.480000
C2503,1899.541429
C8456,2357.226000
C3523,2603.635714
C4835,1625.759231
C8354,2781.276667
C2657,1964.203750
C2454,2586.614667
C2023,3683.368333
C2985,1662.555000
C9141,2280.731538
C7576,2171.361875
C1050,2672.733889
C9486,3130.299167
C8472,2701.493529
C3969,3131.540769
C7671,2833.660714
C4602,2052.552222
C4796,2099.837500
C5965,2343.927000
C2728,1560.097000
C2496,2986.991875
C8304,2374.500833
C4186,3048.023333
C1360,1972.648571
C8973,2482.355000
C1685,1925.710625
C5554,1991.027368
C2435,2021.177143
C4883,2987.742727
C1881,2400.567778
C4076,1928.956154
C1074,2690.558500
C2563,2831.008571
C4168,2592.190000
C2202,3203.886250
C4433,2805.642000
C8258,1622.410588
C2828,3375.270000
C5629,1781.319167
C6065,2913.761000
C4757,2874.987895
C4767,2940.277143
C9031,2165.937500
C1733,2226.900909
C9394,2802.225294
C4976,2610.490833
C9306,3009.476875
C3304,3527.396364
C2611,2325.482500
C9300,2380.618182
C9999,2168.182727
C5689,2337.855833
C8394,2676.390000
C6846,3957.707273
C8237,1672.852500
C1836,2929.596000
C4647,3562.136923
C8460,2544.420000
C9487,1750.140000
C8086,2186.060000
C3963,3182.526250
C5826,2111.495294
C1848,2411.860400
C4232,2385.081765
C7917,2025.052500
C8101,1958.397500
C1790,1381.477500
C6744,3472.632500
C3488,2792.291111
C4539,2160.822222
C1227,2579.619333
C8503,2409.471667
C2147,2688.415000
C8207,2807.210000
C1969,3866.050833
C8664,1152.497778
C4018,3446.669444
C1867,1885.929000
C8206,1739.174000
C8773,3205.931818
C7832,2800.898889
C5633,2571.518333
C7948,2666.618750
C3477,3201.995000
C3562,2483.681250
C2290,1882.882857
C3887,2474.282222
C7015,3029.320000
C5079,1923.480000
C3212,2003.375556
C3324,3009.659333
C5213,2449.570588
C5741,2507.905333
C3798,2558.224545
C2184,2276.345556
C9277,2617.612500
C5120,2232.525000
C2742,2573.066471
C7371,1767.781250
C4457,2903.004000
C3044,3121.536000
C7490,2390.360000
C4884,1912.116250
C3934,2710.638889
C5608,2887.586667
C5157,3177.074615
C6402,2362.553684
C9926,1687.822000
C7359,3361.141667
C9124,3793.280000
C6073,1410.373750
C8813,2140.419091
C3255,3020.328750
C9052,2352.188333
C8336,2372.329333
C9697,2731.776250
C9137,1884.103125
C8081,2482.083125
C5430,1929.786154
C2111,2493.688235
C6239,934.477500
C2393,2030.548182
C8141,2348.335625
C6024,2037.894444
C8709,2694.598750
C1945,1544.771111
C9832,1483.700000
C2307,2794.852857
C4356,2892.542500
C2754,3296.681111
C6729,2241.850000
C7593,2146.356471
C5937,2245.560000
C5302,2823.875714
C9843,1679.644000
C4351,2752.582000
C7860,2924.391667
C3876,2156.578000
C2763,2537.566000
C3654,2135.756364
C9113,2217.044000
C2190,2431.280625
C3974,2185.969231
C9786,2114.277500
C9861,2942.419474
C3228,2139.566000
C1656,1500.968889
C5523,2810.480000
C4313,2365.565833
C8347,2746.722500
C6683,1280.051667
C2664,2527.425833
C2005,3122.296250
C1246,3108.067778
C3054,3182.732667
C9484,3166.300833
C5724,3557.911429
C8897,2545.736250
C8583,1892.851667
C6523,3644.880625
C6930,2528.998750
C3650,1094.735333
C4806,3111.382500
C6253,2679.870000
C1445,2859.700000
C2803,2996.201538
C9692,1598.847500
C4212,1945.214667
C6668,3776.965714
C7449,3224.240833
C6605,2390.525000
C3551,2139.749000
C9121,2475.321429
C1925,3189.343750
C6001,1679.152000
C6316,2416.642308
C6692,2276.744286
C3037,3582.995294
C3657,3580.742500
C5718,2942.619286
C6716,2321.812727
C5422,1509.089286
C4933,2750.137500
C8126,2626.688667
C8564,2225.750833
C5913,2191.742000
C4067,2260.347778
C6465,3519.157692
C3666,1591.711667
C9309,3151.395714
C3705,2833.029231
C9439,2957.004545
C7443,2263.064375
C4023,2030.163333
C5746,1644.841429
C1986,2719.930000
C7686,2842.776667
C5824,2615.686364
C9932,1670.991667
C7339,1720.923750
C4516,2052.284545
C7489,2587.562727
C6041,4105.637500
C2399,2509.050000
C6215,2250.920588
C9810,2255.797727
C6226,2670.670833
C7744,3559.803333
C3002,2369.868000
C8145,2375.877500
C4250,2768.087857
C7765,2158.301538
C5414,2170.936923
C8633,1610.790000
C3072,3161.708824
C9021,3021.608125
C7257,2307.254545
C5433,2730.942353
C4068,2058.472143
C5045,2193.311250
C2774,3026.683077
C5537,1631.397143
C5196,2753.587000
C9040,2057.633529
C1177,3236.615000
C5923,1578.527857
C2799,2215.245556
C6080,2790.580000
C7282,2707.778571
C1138,3065.264286
C5846,2268.880769
C7473,2817.906500
C7699,2378.815000
C8167,2176.045882
C8978,2690.838667
C5799,3353.628333
C1977,2777.314167
C3392,2123.859000
C2555,3115.147000
C9491,2523.691250
C2877,2126.074444
C2906,2713.736667
C9522,1590.019000
C7369,2665.916000
C8667,1922.165714
C8311,1697.330667
C4664,2988.296000
C5679,1306.110000
C9736,1731.563846
C8182,1281.569286
C5000,2653.333750
C6623,2391.860000
C1235,1903.996667
C9964,3244.399444
C5866,2504.301250
C8172,3287.806000
C1452,2647.760833
C3879,3124.766154
C2107,2357.720000
C9241,3309.827500
C1327,2864.445385
C3915,2215.876471
C6794,2345.970000
C6224,2270.847778
C7110,3169.670000
C5305,3268.688125
C6697,2809.991000
C6277,2225.987500
C9443,1272.296923
C6953,2993.964545
C8984,1994.308889
C1490,2409.913571
C2834,2396.265000
C9467,2644.020000
C7702,3471.563333
C3399,2663.790909
C9918,3400.917000
C3065,3134.920625
C7555,2715.981250
C6086,2642.733636
C1458,2662.956154
C7941,2236.042500
C9897,3069.277500
C2709,2634.643077
C8099,2146.625385
C2229,2840.373125
C3205,3084.268125
C6577,2442.972500
C3160,1986.380833
C1840,1757.645000
C7642,3270.382857
C7469,1319.740000
C2139,2326.566000
C2530,2144.853846
C6364,1382.725000
C3462,2199.532000
C6535,2540.520000
C4066,3749.553333
C3510,3665.297273
C4567,3059.055294
C5090,2901.360714
C3000,2591.121765
C7325,2060.463077
C4280,1660.667273
C1734,2147.825000
C8902,2764.027692
C7840,2326.611333
C5813,2434.768889
C5011,2733.899474
C4027,2569.677647
C9899,2162.440000
C1136,3209.897333
C5601,2378.815625
C6742,3096.732857
C7752,2745.028889
C9330,3738.556667
C5467,2528.266667
C1778,1839.341818
C2672,2156.244545
C2491,3165.845833
C9276,1554.231667
C3288,3342.343333
C3416,2485.423684
C9822,1768.755000
C8186,3096.413000
C1180,3281.265714
C3470,3032.080000
C6200,2694.842500
C9890,3427.965385
C9020,1934.740000
C1573,2423.260000
C5860,2434.377692
C2380,1687.790000
C1301,2976.611000
C5193,2888.267333
C8046,2307.380588
C2022,2778.555833
C4375,1878.110000
C5924,2966.839231
C4891,2581.374286
C2929,2948.091538
C4864,2749.278571
C8271,2069.422353
C3792,2649.042353
C7566,2093.938750
C6680,1785.660909
C1377,3093.109444
C2359,2827.587059
C2578,1974.766875
C1930,2395.372308
C3525,2345.205909
C9856,2331.056250
C1858,2217.580714
C4256,1758.046000
C2466,2145.878750
C7727,2599.115556
C8534,2694.275000
C2165,1680.420000
C7790,2613.950000
C9957,2612.020000
C9820,2494.831667
C7885,2143.284615
C5819,1516.288125
C4145,2575.347500
C9963,2700.822000
C5901,2654.154118
C5977,3492.650000
C9323,2250.575455
C7330,2347.319231
C4600,2405.995000
C2048,3124.808182
C8485,1450.183750
C4998,1765.610000
C7775,2658.554667
C1593,3263.967000
C4159,1507.632857
C1589,3520.399231
C8943,2585.475556
C9352,3201.970000
C1926,2277.278333
C6243,2367.138333
C8885,2394.105000
C8614,2297.718333
C9460,2150.688889
C1993,2835.985833
C9628,2358.279091
C6773,2134.022727
C3336,2115.593077
C7390,2431.691429
C1361,3729.005385
C9260,1240.083750
C7324,1786.228889
C1033,2179.589375
C1244,2693.752105
C6711,1533.708000
C1405,2910.681000
C4226,2476.066667
C1092,2039.798000
C1554,3425.268000
C4306,1986.744286
C4547,2564.233333
C4636,2367.886667
C2333,2240.123333
C4699,3604.704000
C7857,2131.468750
C5308,2012.135000
C5958,2251.612143
C5059,2052.345714
C2755,1893.215000
C1546,2947.685556
C2614,2328.837273
C6891,3776.347500
C1700,4046.456667
C4348,2155.839167
C5391,3116.551667
C5161,2632.854667
C7761,1306.455455
C2352,1988.884000
C1663,2430.254444
C4589,2454.308500
C2501,2480.506250
C1747,2177.417000
C8872,1466.323571
C2259,2722.711667
C6375,2821.212000
C3697,3480.436667
C8067,2877.363000
C5431,1903.354615
C1513,2304.473636
C1137,2446.698824
C3231,3617.428000
C5133,2345.259286
C6460,3450.848824
C7074,2420.750833
C6633,2629.298571
C1309,3315.289375
C4299,3467.785000
C3207,3223.516875
C4521,3341.670000
C8205,1682.282500
C1979,2240.891818
C1813,2232.184706
C5040,3459.688750
C2533,2646.811000
C4263,2190.164706
C2133,2557.492143
C9067,2554.568182
C3351,2859.117333
C8359,1747.077500
C5795,1839.663333
C8645,2821.282500
C4032,2737.786429
C8030,1984.297692
C4238,1840.752308
C3752,2481.383571
C6799,2352.665000
C5879,2550.035000
C3229,2228.456667
C9811,2094.607143
C1849,2654.036667
C4772,3099.900667
C4279,2458.206667
C7384,1883.257500
C9091,3782.513636
C5498,2225.899231
C4464,2027.890909
C1737,3250.751818
C3456,2724.025385
C3149,4044.989167
C6688,3040.913750
C6934,3392.571667
C6656,2595.456875
C4170,1908.085833
C6675,4183.257692
C4463,3382.605000
C5873,2037.817143
C3098,3713.586364
C1819,2767.093333
C1077,2603.454000
C9351,2208.621429
C2757,2317.429000
C4712,2488.976250
C7072,3111.067273
C2615,2493.782143
C8429,3792.663333
C7587,2224.936429
C1148,2258.437857
C5180,2760.535833
C9682,2984.414375
C7183,2353.171875
C6023,2551.276429
C9529,2074.684500
C2349,2859.661111
C8280,3279.063636
C8012,2348.757500
C3819,2407.078571
C2335,2500.113333
C1776,2020.620000
C4716,2676.660000
C9562,2011.289286
C9844,2721.229375
C6631,2148.586667
C2487,1522.395000
C9696,2786.077000
C2784,1680.595714
C3493,2530.950000
C7498,2133.945556
C3678,2794.960000
C4819,2124.096364
C6780,1320.263333
C7248,2188.052500
C1581,2499.024167
C3094,2679.245333
C5594,2156.100000
C4622,2889.461667
C8743,2758.422000
C7735,2009.262500
C6808,3770.363333
C5273,2654.535385
C9069,1772.840909
C7529,2110.512727
C3453,2922.161538
C2680,2682.386316
C4930,2942.064167
C6436,2106.342143
C8108,2212.245882
C4627,2941.178571
C7186,2807.235000
C9009,3738.474286
C7482,886.817059
C7804,2663.960000
C4795,2296.049286
C9775,2368.793158
C1357,2150.419000
C5759,1630.898571
C3683,2337.860833
C3164,1337.021250
C7667,4024.997000
C4049,1832.575000
C2648,3711.375000
C6422,1372.153750
C9299,2583.527059
C5335,2046.960769
C1556,2896.802857
C2668,2509.762000
C3662,1337.963571
C4081,3526.903125
C8976,3241.710556
C6660,2934.318750
C8932,2862.649091
C8963,2353.041250
C7594,2310.781818
C9290,2391.096250
C1153,3307.526667
C1680,1986.790588
C6349,2087.201818
C1252,2590.232500
C3505,2814.848462
C8724,3046.626429
C8487,2270.080909
C3812,1846.902857
C3119,2230.953333
C6485,3697.427500
C6228,2439.188125
C5657,3216.730000
C5562,2779.207647
C2321,2593.688333
C5658,3396.777778
C8105,2321.324615
C6046,2514.776667
C8495,2303.287857
C2325,2151.119333
C2268,3797.862000
C8824,3221.739286
C8566,1924.556667
C1268,1607.055333
C6970,2580.970909
C8085,3340.268182
C6139,2942.768750
C4073,2359.397692
C9422,2886.214375
C7213,3396.288182
C2013,1976.639231
C6804,2635.743846
C1569,2472.470769
C9933,1756.543000
C8262,2498.023333
C5864,2895.105333
C3711,2549.245000
C5721,2684.610000
C8931,2863.320000
C2824,2444.131000
C3899,2430.070000
C2647,2401.305000
C1834,1951.313889
C3346,1854.515789
C6247,3141.518667
C7603,3538.186667
C8906,2343.662857
C6637,2075.067273
C4426,2929.970000
C6390,1852.615714
C2881,1470.941250
C8732,2839.355714
C6893,2827.420000
C9580,3413.072857
C4764,2015.522308
C2215,2913.465833
C3401,2166.762000
C5697,1938.044167
C4399,2540.830769
C7887,2190.116250
C8621,2734.699091
C9648,1877.367500
C1935,3474.831111
C2684,1917.707222
C4291,3301.228000
C2185,2313.455333
C5311,2620.260000
C7895,3255.745000
C7774,1913.234000
C2574,1603.442857
C5245,3404.781250
C5634,2260.122857
C8133,2838.084211
C8218,1665.753846
C7395,2772.766667
C2256,2814.141053
C5399,2747.903077
C3317,2478.708571
C7772,2256.090833
C6136,2335.542000
C3360,2563.104286
C8691,3345.046000
C5119,2362.700588
C5533,2043.247500
C8417,2603.198750
C5783,1518.950000
C6350,3528.374000
C5556,2112.871429
C8410,2271.617000
C8033,2355.900000
C1538,1997.408000
C2116,2560.923333
C2913,1441.808000
C3150,3508.736154
C1105,2070.090000
C2800,2463.301667
C5761,3048.913889
C5963,2652.531176
C5624,3340.294667
C2586,3411.405000
C2442,3311.270714
C1372,2904.542500
C1756,2035.237143
C9336,2672.950909
C5619,2677.547333
C8234,2795.273571
C4612,2980.453333
C1010,2736.734444
C6258,2756.364375
C5570,1850.975000
C6695,1931.016471
C6387,2898.193333
C4634,2097.550000
C6550,3173.045714
C5037,1462.119333
C2463,2403.507857
C1655,2379.308667
C9104,2007.134545
C3787,2298.489286
C5550,2168.200667
C7972,1479.537273
C8248,3002.269286
C7828,2511.861667
C5882,2330.670000
C3811,3202.645556
C4147,2320.072667
C4234,2147.583333
C2057,3905.228000
C6812,2684.917692
C7628,2455.950500
C4253,2205.554545
C5618,3450.108000
C8630,2450.512500
C3049,2483.230769
C7556,3469.191250
C7180,2489.422000
C4792,2600.420909
C4293,2322.579231
C8438,2928.381000
C6060,2254.581111
C4621,2767.702174
C6012,2659.535789
C3990,2697.539286
C3515,1910.369286
C3788,2028.066875
C5469,3545.150000
C8625,1990.950000
C1160,2267.622941
C1486,3460.855625
C9227,2497.842143
C1884,3167.389000
C5385,3361.602308
C7496,2615.146429
C8913,2961.276111
C6388,2768.138333
C4349,2715.374286
C8265,2094.427778
C1488,2230.782727
C3700,3781.719091
C6796,2627.604667
C3013,2094.780000
C4158,2314.835000
C5542,3105.507333
C7018,2838.364545
C1495,885.553333
C7984,2261.776667
C4354,2951.730000
C8050,2937.800000
C2433,2542.230000
C5434,2900.868333
C3764,2064.240909
C7121,2135.851538
C7842,1709.000769
C7514,2958.548333
C1117,2706.168462
C1286,2463.950909
C2118,3268.711429
C6888,2439.202143
C4487,1408.075000
C7559,2448.123333
C3412,1794.074737
C7236,2647.198125
C8315,1965.591250
C4504,3915.889091
C3942,2431.333000
C1853,2255.787333
C7230,3321.431875
C1215,2992.340000
C8469,2536.244444
C6105,2915.328889
C6163,1760.380833
C8151,2432.543636
C9116,2194.814167
C1420,2281.482143
C3222,2614.322500
C2807,2758.157000
C2212,2432.225833
C9768,3179.352500
C9748,2233.387222
C1168,2365.020769
C6999,2556.626000
C5954,2071.270000
C5834,2474.325625
C9200,2521.988667
C2445,2929.327000
C1912,1790.445556
C7848,3281.167692
C4237,2757.591250
C2550,2087.830588
C7988,3666.023077
C6303,2453.472500
C7017,1802.384286
C1254,1252.730000
C6196,3463.216000
C3468,3191.830769
C5109,2358.760000
C6355,3382.751250
C7858,2963.676154
C2365,3637.702143
C4596,2258.681250
C3950,3022.386154
C3805,2374.806667
C3219,2539.331111
C6548,2645.512222
C3455,2521.094615
C2214,4284.093000
C9509,2778.462941
C3426,2903.328333
C3055,2512.686000
C6126,3047.102500
C6525,2440.896250
C9327,1721.372941
C4899,2112.916667
C8235,2285.730000
C9078,2879.425000
C4910,3407.241667
C7276,3108.951333
C6574,3119.118667
C9561,2487.447273
C8600,3194.995455
C5635,3124.668333
C6698,2774.349333
C8982,2726.122000
C6077,2187.140833
C9572,4377.977500
C1907,2633.364706
C2959,2775.136000
C5297,1998.680000
C7080,1705.493333
C2318,1761.031667
C3996,2132.556364
C8269,2570.609167
C2297,2292.346000
C1983,3083.138182
C6067,2320.248824
C8340,2627.437647
C1085,2942.058667
C7564,1790.022353
C6775,2638.807778
C9894,1681.323636
C9970,2574.422353
C1878,1928.370000
C7308,2558.873182
C2210,2322.611667
C5342,2791.914375
C3489,1849.904167
C9077,2051.491053
C3935,2977.960000
C3848,3183.808000
C3606,1941.654615
C8224,2504.501875
C6167,3560.010000
C9424,2018.294000
C4140,2476.935714
C8641,2334.055833
C2371,1758.308000
C1088,2990.111000
C4802,3451.501667
C9989,3065.925000
C6865,1951.971429
C2188,3537.948889
C5373,2660.833125
C2886,2524.818000
C5123,2103.049091
C1201,2208.416875
C4905,2833.929167
C4272,2248.655455
C1151,2768.454118
C7979,2770.586429
C2404,2311.539286
C4176,2180.641333
C3917,2641.362000
C2811,2367.306667
C6129,2358.334737
C6582,3903.775714
C8010,2139.658182
C3735,3352.847143
C2299,2571.066250
C1695,2635.337500
C4748,2532.270000
C3415,3188.407143
C5940,1793.730000
C8346,3519.241429
C8537,2554.295000
C3708,2725.782500
C5600,2470.517222
C2478,1884.486429
C5247,2048.174444
C4227,2689.074615
C1833,2248.810000
C8506,3185.663636
C8837,3684.791667
C8920,2032.729333
C3450,1721.838462
C2772,2838.740000
C8851,3361.334375
C5858,2710.180000
C5155,2725.341333
C1278,2338.551875
C8787,1280.383333
C2039,2818.748889
C4368,3639.299091
C5544,2404.584615
C8524,2543.045000
C5675,1607.401429
C1828,2478.544167
C1845,2717.649412
C3944,2148.959167
C1636,1558.327500
C6811,1756.694545
C5238,2094.776154
C6036,2856.682353
C5136,2702.073333
C3873,3674.906667
C3381,3107.683125
C7360,2711.352308
C7409,4074.564444
C6866,1737.919231
C9344,3913.754167
C1447,3009.178462
C6915,2921.954444
C7350,2345.335556
C6391,2321.224444
C6579,2309.812667
C1972,1961.312857
C9298,1928.895000
C8113,2687.572143
C6449,1958.418667
C9228,2467.960500
C9635,2299.514167
C3017,1919.756667
C6038,2479.480000
C4367,2697.818667
C4149,1911.736364
C4115,3432.732778
C4971,2588.075000
C9942,2405.414444
C2066,2740.640000
C7908,1649.219231
C1172,2145.068125
C3303,1766.101429
C3537,3023.824545
C1634,3044.920909
C9144,2500.740000
C6211,2683.210909
C1365,1843.286667
C1624,2893.310000
C6604,2382.435000
C5926,2869.656154
C4269,2538.310000
C4285,3295.483333
C3474,2707.699333
C6752,3206.043158
C2079,1797.547692
C1920,2078.025714
C7340,2589.726154
C8193,2157.418125
C8114,2025.895455
C6418,2485.883636
C6608,2171.760000
C4927,2415.406250
C6322,2977.671818
C7581,2090.252667
C2354,2298.425882
C4472,2569.295833
C2156,3861.554118
C2112,1411.890000
C4303,1671.279286
C7541,2450.327692
C3722,2169.668571
C3518,3748.637692
C9772,2323.955333
C5553,3077.860000
C5329,2127.375833
C6979,2809.653077
C1575,2808.949091
C7839,2455.430000
C3005,1861.992000
C1496,3262.854444
C7174,2934.101818
C4087,2680.525000
C3199,3118.619000
C6774,2599.237778
C5057,2719.982667
C1689,2241.803636
C6738,3044.938462
C2832,2310.702000
C6903,2365.887273
C2183,1686.861667
C9891,3052.712000
C6741,2716.202308
C4881,1802.955000
C3623,3594.531250
C8730,3973.063750
C8716,2953.210000
C3189,3045.805263
C9286,2183.752308
C1112,2212.431111
C7577,3057.281000
C1641,2134.882222
C7474,2179.041111
C7724,2012.802500
C1692,3574.254545
C3943,3062.751667
C9571,1869.670000
C5345,2021.377222
C5392,2628.430714
C6499,1930.934375
C1017,3256.501333
C4670,1634.710909
C7156,2135.562500
C8713,2497.210667
C1399,2442.856667
C2282,2484.193333
C5649,2380.468824
C3023,2408.986364
C4726,3301.287692
C6737,2440.462500
C7265,1521.997500
C2260,2885.829231
C8004,1992.614667
C7843,2444.593750
C2444,2627.384000
C1383,2295.695455
C9054,2332.080000
C5690,1770.974286
C4019,3763.310000
C8892,2364.255000
C2460,1942.751667
C6874,3207.371250
C6160,3942.805714
C3932,2770.981818
C5224,3437.572500
C9378,2656.858000
C5829,2306.476667
C6230,2123.525385
C8842,1872.466154
C9432,3954.745000
C8285,3368.682941
C2619,2329.921111
C7764,2211.954211
C3074,2591.487143
C2303,2410.030667
C3132,2678.692667
C9677,3168.675000
C8305,2723.525294
C1540,2399.221250
C5368,2762.465455
C7684,2281.168333
C2058,2187.398667
C3051,1625.728571
C9729,1658.614286
C9214,3037.469091
C3687,4067.970909
C6567,2275.789333
C2760,1743.819091
C2758,2438.749333
C6456,2169.984667
C2044,2707.613750
C6958,1437.947143
C6069,2444.027273
C2993,3186.723636
C2778,2346.852500
C8572,2819.465000
C4385,2930.366667
C3501,2893.827500
C1449,2016.996923
C4846,2770.812857
C7426,2650.342222
C1158,2664.268667
C5599,2167.179167
C5933,2559.150556
C6506,2265.536364
C4529,1941.814286
C1938,3372.966000
C9094,1470.779286
C5754,2670.246250
C3464,2242.724167
C5098,2316.022941
C8541,2306.763571
C2927,2431.906842
C7283,3896.094000
C2955,2009.184167
C7250,2168.669474
C9826,2241.290714
C8345,2534.678000
C9419,2505.744615
C7689,3793.607000
C3176,2502.280833
C8823,3640.908750
C8522,2723.938333
C7396,1782.736471
C6255,2189.424000
C4088,2604.330000
C7598,3292.403636
C1167,2616.904167
C6868,2525.065714
C3112,2141.565000
C8123,3229.178824
C7176,3089.502222
C9381,3073.234167
C8627,2250.147273
C6776,2587.210526
C2163,2624.327500
C1427,2535.124167
C8213,3027.437500
C8386,2344.033636
C1860,2845.668750
C7655,2295.708571
C5313,2815.758667
C1274,1912.710000
C4450,1382.313750
C5612,3793.614615
C1224,2320.700833
C9595,1801.449000
C2450,2364.730000
C1408,2544.814286
C9524,2334.393333
C6881,2517.401429
C9245,2553.777000
C1614,3470.581818
C9406,1967.735455
C1566,2142.616000
C2707,2192.359167
C1021,2499.277000
C1049,2348.444000
C6025,1673.431250
C4651,2454.665714
C5710,2479.819231
C3986,2787.099412
C5900,1156.391667
C3478,2046.495714
C7516,2103.801667
C6610,3416.716364
C9948,2794.032632
C8031,1999.817000
C8685,1748.143333
C5284,1974.116667
C7037,2327.668750
C7321,2123.822667
C3291,2102.583333
C6450,2812.240769
C6074,2525.670000
C6470,2640.488571
C7016,2013.765294
C5792,2115.902727
C5861,1896.437647
C5363,3008.505556
C2164,3596.565000
C7869,2499.921000
C2069,987.515556
C6635,2890.348750
C9088,3622.115556
C3512,2010.855714
C2905,2321.874615
C9930,1415.062222
C1448,3567.216471
C6864,3008.548750
C9466,2820.937059
C4571,3167.161538
C5221,2535.412857
C7386,1572.612308
C7558,1401.222000
C1401,2163.014706
C6276,2361.800769
C4761,2965.204545
C4644,2529.157500
C1957,2480.707222
C4296,2752.998182
C7416,1649.561250
C3612,2464.125625
C2810,3238.761250
C2698,2041.762308
C8977,2976.959091
C4137,1849.356364
C5047,2022.963333
C3238,2832.012000
C1721,2373.574667
C6431,1854.061250
C6936,1760.041429
C8948,3313.592857
C9073,2105.948000
C4672,1713.581429
C9609,2510.927500
C9982,3076.960000
C6382,2748.410000
C4092,3657.520000
C3737,2390.812857
C4758,1950.279167
C3287,2690.643636
C9287,2484.585455
C2038,2514.032000
C8464,2243.460000
C9816,1936.658750
C5734,2922.857368
C3348,2389.640625
C8981,1820.738333
C3889,2874.801000
C1808,1952.095385
C1508,2645.985882
C1162,2676.832667
C3384,1529.022105
C1095,1912.742727
C1352,3128.563125
C4071,1976.932500
C3527,2472.680714
C1141,2972.225000
C5413,2477.720000
C6789,2545.843636
C8521,2858.060000
C4099,2321.891250
C3223,2616.314375
C9166,2155.804000
C1003,3035.976667
C3121,1781.970000
C7305,2889.581364
C3748,2813.298095
C5713,2366.850909
C8497,3244.352500
C1515,3249.890625
C2965,2058.225625
C3584,2633.217273
C2301,2355.541667
C2700,3075.574286
C5752,3078.852667
C9413,2385.928889
C1047,2113.930000
C6229,1713.401875
C5347,2854.001429
C3615,2052.520000
C8877,1895.213000
C6667,1364.040000
C9268,2832.720000
C9992,2601.614615
C9210,3407.176000
C7543,2520.450667
C5837,2046.496000
C8862,2617.156429
C7245,2842.046000
C5172,2527.796818
C4039,2213.826923
C7466,2275.573750
C1613,2458.950588
C4495,2445.330000
C2655,2681.519412
C7106,2440.502222
C9308,2605.030588
C1989,3141.689167
C8578,1978.681818
C6085,2824.604286
C7589,3214.861667
C9624,2873.137333
C7195,1638.850000
C6519,2425.942000
C9223,2348.433333
C9983,2451.454000
C2748,2924.309286
C5294,2640.882000
C8302,4533.338333
C2033,2336.624000
C5671,2205.818571
C4518,3822.617143
C9915,3320.552667
C8814,4013.010909
C3555,2815.988182
C1080,3285.970769
C6117,1732.440000
C3129,3158.530000
C1997,3349.143750
C1035,3231.902000
C1822,2516.862000
C9160,2973.809167
C7077,2129.512381
C7167,2430.282500
C5405,2029.118462
C9812,2231.489231
C1389,1676.521429
C5865,758.521000
C9100,2989.138182
C1892,1359.310000
C2751,2667.418889
C1962,2614.140000
C6057,2947.997500
C9991,1976.193846
C3133,1967.174167
C9654,2475.115385
C1711,2738.562222
C6768,2364.462222
C4756,3515.538889
C6483,2282.780769
C3874,2516.853636
C9745,2391.583750
C3025,3300.923333
C9363,1242.463636
C6088,2930.372727
C2998,2996.560000
C3496,2592.607619
C1164,1678.033750
C3429,1804.338000
C6082,756.138333
C8595,2288.320833
C2511,2514.215294
C4744,1771.894444
C9340,2104.561667
C9674,1566.806000
C1987,1656.920909
C9038,2415.355333
C1965,3381.668182
C2241,1825.087500
C4337,2478.381538
C8443,2704.554444
C6507,2423.847778
C2982,2097.068667
C1120,2646.870000
C7508,2317.244583
C2961,2255.185385
C8299,1679.133636
C4922,1966.964286
C3961,2227.042667
C6254,2028.207222
C8210,3176.204000
C6249,2773.050000
C5201,2127.306667
C4517,2394.805882
C9951,2904.011304
C5684,3412.693750
C5447,2732.052667
C8795,2387.398125
C3084,1639.508182
C5058,3345.382857
C9887,3236.773636
C2138,2281.501818
C1557,2740.763333
C7025,1900.041875
C7591,2307.829375
C8727,3049.564286
C3314,2725.468125
C6584,2733.605833
C5586,2883.925385
C4963,2660.588000
C6869,2343.920714
C8602,2254.590625
C9746,2353.709167
C1279,2391.278889
C9407,2563.540000
C7259,1230.520833
C3213,4561.794000
C5471,3095.780769
C7630,2608.011000
C6218,1110.677778
C7202,2986.942308
C9173,1990.740000
C7139,1687.016667
C6439,2295.532222
C3320,2060.661765
C1638,2889.767059
C3194,2423.955625
C5681,2540.655714
C8434,2780.639286
C5215,2448.944444
C9537,2594.930000
C9440,1770.715000
C1677,2311.470833
C9939,2008.253571
C7586,3323.076875
C3011,2531.324706
C7903,2193.161250
C7567,2171.642308
C2500,3485.506923
C3122,2605.319167
C9749,1940.571429
C2084,2765.993571
C1701,2486.590000
C2610,3066.176364
C1474,2846.572000
C1207,3108.600000
C4294,2341.388889
C7444,2422.452222
C5195,1916.637857
C8171,1586.766250
C5961,2441.829167
C3930,3302.438750
C6514,2123.527692
C4287,3338.225714
C6941,3394.125000
C5588,2423.771000
C7763,1516.791000
C8474,1833.930000
C4059,2290.575714
C9207,2546.036429
C7492,1839.737692
C4479,2376.507692
C3839,2456.649524
C6696,2977.608000
C9196,2654.189091
C7159,3015.988824
C3824,2869.951538
C9573,2891.151333
C3475,2805.637143
C9733,3594.694118
C6693,3033.607000
C4978,3212.714545
C3073,3555.645714
C4363,3843.180000
C8752,3159.048333
C2346,2558.483846
C9257,2587.618000
C1032,2418.132941
C9831,2474.567143
C9744,2191.810000
C8950,2419.525263
C1633,1715.627000
C3893,2761.202941
C7101,2080.894000
C1323,2751.427500
C4106,1452.016190
C5279,2091.949286
C7407,2278.063750
C3434,2922.454000
C2703,2636.620667
C8118,2960.418333
C2030,1949.725000
C2028,2851.462857
C3371,3412.719091
C4986,1554.236667
C5577,1899.454286
C3056,2249.868571
C3598,2680.439091
C6946,2954.274000
C9766,2769.349231
C9362,3582.000000
C5676,2043.124118
C7201,3260.809333
C7293,2567.974545
C2197,1584.790000
C5677,2026.604444
C1125,3015.116667
C6478,3786.703333
C8489,2614.173000
C5069,1716.611667
C1630,2363.148571
C5943,2177.010000
C9958,3389.595000
C3217,1919.060000
C7535,4168.607778
C9350,2157.362353
C3186,2451.847500
C4591,2840.430000
C1950,3957.821250
C9716,2542.340000
C5013,1689.852308
C3410,2415.759444
C6337,3388.183333
C1262,2473.170909
C2375,3105.632222
C4519,1943.001364
C5367,2464.455000
C9231,2774.361875
C4322,3207.798462
C7590,2726.797500
C7020,2823.752500
C2123,2808.553529
C9129,2657.728889
C9668,3275.370000
C3305,2315.136250
C7786,2560.937692
C5574,2433.131429
C6171,1926.470909
C3110,1482.417692
C9391,3356.157778
C4328,1687.040714
C3519,2235.686364
C7071,3846.725000
C2660,2925.960833
C7241,2561.620000
C1145,2391.376429
C9940,2435.590000
C7706,3228.992500
C9109,2759.268000
C4570,3241.306364
C3761,2407.325455
C1503,2072.971429
C1856,2355.911667
C9209,3351.278182
C3151,2096.217778
C6673,2284.118182
C4675,2749.637857
C7027,2030.667143
C5187,1480.623750
C1976,3161.141667
C4094,3107.559375
C6575,2580.574667
C7582,2729.985556
C2019,2819.801250
C2484,2495.469091
C2725,3241.453333
C9755,1427.737500
C7829,2645.015333
C8242,1936.924706
C9115,2746.988571
C2109,2013.628000
C2953,2511.579286
C7946,3002.108889
C2052,1942.925789
C9842,2025.856429
C7102,2037.711250
C7568,2302.682000
C8146,2051.152667
C5084,2857.790833
C2206,2052.627273
C5327,2796.776364
C1975,3286.273077
C5280,2192.846875
C2783,2484.805714
C2856,3124.240000
C5443,3511.747778
C3596,1963.565556
C2074,1740.620714
C3154,2211.054167
C5248,2631.945000
C9053,1563.743571
C9507,2969.440000
C3588,2440.281667
C2599,1650.138182
C4958,2815.513750
C3767,1242.331000
C2597,2515.702500
C7683,2356.406667
C6037,2688.691429
C1439,3267.781176
C9046,3353.194286
C4491,1753.403636
C7910,3377.115000
C4794,3229.295000
C1877,1665.754667
C6920,1867.486364
C2866,2613.296923
C1456,3539.928571
C6923,2514.669000
C1266,2106.433333
C9154,2873.704737
C8475,2375.998235
C3570,2007.018462
C3544,1798.547368
C6994,2448.168000
C2409,1993.007500
C7904,2877.973077
C7155,1208.742000
C5890,3343.824118
C6372,3198.587857
C3014,1681.006667
C4594,2278.032143
C9962,3078.010000
C3230,2641.062222
C9808,4048.952727
C8863,2991.784000
C3364,3202.386000
C4840,2444.582727
C3190,2557.832500
C6178,1986.561176
C7562,2026.060769
C3240,1624.499091
C5917,2193.030000
C1174,2447.185000
C6474,2132.898889
C8286,1097.470000
C9636,1903.234444
C3334,1806.917500
C2981,3236.458182
C6835,2657.613077
C5087,2280.168333
C1657,2174.968750
C6348,3648.208750
C9713,1655.515714
C9799,2774.694000
C4818,2943.309091
C7715,2498.728182
C4812,2117.479474
C7284,2251.458125
C7295,2247.177778
C8177,3762.671250
C1506,2796.371818
C1868,2823.204375
C8440,2150.474706
C3436,1816.008182
C2624,2029.990625
C6443,2934.650625
C2441,2834.448000
C6294,2544.170000
C6020,2052.418182
C5106,2393.236923
C1786,2521.272667
C2344,2898.629444
C6323,2528.404545
C5416,1699.553636
C5511,1616.377500
C4175,2673.408750
C8150,1651.964000
C3774,2095.588333
C9066,1318.965833
C1353,2796.138333
C3626,2886.776667
C6021,1685.597143
C8243,2308.912222
C3682,3327.370000
C8629,1831.310909
C1199,3190.020833
C8990,2069.251667
C6624,2281.521875
C9428,2169.890000
C3275,2487.509167
C9030,2807.511000
C7526,1955.891875
C6867,2224.025217
C7621,2037.272667
C2855,1859.412143
C1882,2800.948333
C6597,1597.271875
C4231,2179.355385
C5288,1241.997333
C7696,2461.562857
C2525,2845.659091
C7528,2268.059167
C3919,2547.424167
C5909,2693.426667
C2096,2088.460667
C9790,3325.107143
C3339,1797.602727
C6376,2527.383333
C9592,2194.030667
C7719,3106.929231
C5080,2814.296000
C8273,2942.498333
C8176,2300.114000
C2279,1947.600000
C5936,3332.734545
C9577,3151.838000
C8722,3034.416667
C2347,2934.757000
C2126,3225.387273
C4467,2456.416875
C7187,2764.796471
C9943,3773.685000
C4639,2764.343333
C1651,3029.929167
C1257,3235.927000
C3744,2113.703333
C5956,2046.028182
C1230,3420.973636
C2414,1991.782500
C4389,2082.806000
C2556,2303.315556
C4533,2363.739167
C5065,3006.739375
C3198,2344.651538
C5822,2816.849000
C5184,2685.360909
C7212,1825.917500
C2131,2646.484000
C8356,3117.422000
C8048,1947.877778
C2737,3189.035000
C2124,2051.487692
C3041,2594.005455
C2595,2010.587368
C2160,1950.971000
C9895,2729.806250
C3341,1658.737500
C8173,2346.456667
C6862,3588.535000
C5939,2994.588000
C3985,2889.946364
C8760,2546.504375
C4668,2138.296364
C9829,2455.326842
C6244,1736.233636
C8149,1328.540000
C9157,2572.859231
C1346,2242.162000
C3405,2409.097273
C8720,1840.172667
C2085,2103.295500
C1414,2167.051875
C4043,2950.837222
C8960,2923.802353
C8168,2710.949167
C7694,2629.680714
C5740,2384.630588
C7052,2662.905385
C4382,2423.108000
C7506,3189.682308
C2378,2255.576000
C9872,3698.154444
C9618,1942.886154
C1412,2074.014167
C8120,3084.016667
C9468,2108.547143
C5576,2534.349286
C3775,1894.439231
C2286,2871.781333
C5880,2963.888333
C2717,2116.135625
C6745,3023.251818
C2753,2376.098125
C8703,2410.777333
C7973,2438.443333
C8936,2612.382632
C2888,1885.717368
C4167,2839.440000
C4937,2064.200526
C9840,2834.252500
C5514,2635.442500
C8680,2459.956875
C9604,3182.930000
C3390,2322.210000
C3914,1821.881765
C3897,2000.262778
C3693,2281.587857
C2475,2313.025333
C4425,3281.218571
C1465,2037.391250
C8956,2493.469167
C8859,3162.716667
C3627,1799.234000
C9575,1997.712778
C1467,3732.587143
C5561,1579.308889
C5222,2696.128182
C6464,2512.981429
C6595,2250.192500
C2702,2160.421250
C1897,3154.613913
C2696,2935.184737
C1002,3166.320000
C1545,2153.872000
C7720,3597.320833
C9305,1821.446250
C3941,2466.316667
C9613,2509.184211
C5620,2357.330909
C1752,2348.100769
C1392,2609.854000
C3601,2460.414000
C8000,2271.242857
C3439,1610.025000
C2623,2599.075000
C8882,3364.318182
C8406,2630.275789
C2761,2072.687500
C5987,2781.963750
C5911,1954.614375
C7928,2840.533333
C1548,3067.726154
C3264,2618.478235
C3745,2395.454545
C6324,2592.193750
C9349,2119.783750
C9158,2768.407273
C1773,2285.607333
C4595,2422.525000
C9683,2004.187143
C9251,2325.677692
C3552,2709.397143
C6052,1480.945000
C6084,2765.603000
C1978,2148.600000
C6926,2004.021111
C5695,3671.242727
C9914,2960.059231
C1379,2049.401250
C8436,1836.975625
C3622,2836.070625
C5581,2907.638947
C3322,3262.317222
C3105,2527.361429
C2874,2282.770000
C8054,1907.517692
C5417,1883.371667
C8573,2392.816364
C6206,2001.028000
C9827,2668.303125
C9358,2482.744667
C2037,2950.108333
C6547,2916.953636
C4015,2895.156667
C2426,2084.209286
C3508,2081.049000
C9274,2031.641875
C8001,2181.857857
C9523,1685.851667
C8069,2661.626250
C7897,1886.223125
C2000,1676.868182
C5409,2106.456923
C9643,1802.097500
C5130,3691.905556
C7392,2266.411429
C5477,2331.631111
C8831,2567.858182
C6858,2772.000000
C5497,2117.889091
C3818,3587.433750
C1921,2052.329000
C8531,2631.993810
C7269,3275.627500
C9554,3312.555556
C1775,2357.458000
C2196,2005.520769
C5728,1709.177692
C5476,2366.268636
C3261,2498.227143
C2678,1672.856154
C5929,2319.225333
C1760,2585.900000
C4686,3023.082222
C5719,1662.557692
C4390,2501.090000
C2746,2687.414167
C4657,2285.112667
C5134,2331.933000
C7754,2657.915714
C7922,2094.631667
C3315,2729.108000
C4535,1578.693333
C3951,2685.771429
C5598,2402.351429
C8929,2825.190000
C8249,2080.838333
C3785,2271.748462
C6719,1601.827000
C1393,2589.251176
C7933,2446.535833
C5053,2063.127333
C1914,1738.789412
C2924,2832.430625
C8188,1678.480000
C9329,1796.365833
C7260,3542.044444
C5972,1739.305000
C2388,2410.287500
C7983,2770.017647
C2933,2541.185000
C2507,2771.011818
C6045,1717.583846
C4058,2801.791667
C7151,2407.570000
C5358,2364.281429
C5735,4228.574444
C7066,2964.637000
C1006,2266.318889
C9489,1824.120000
C1823,1816.831429
C8954,3315.218125
C2455,2590.966667
C3308,2815.589375
C7527,3136.998125
C7034,3172.897500
C8686,2965.982500
C8216,2403.362857
C7131,2939.647368
C9835,2572.798333
C1647,2787.553158
C9538,2827.499286
C9356,2699.577500
C8843,3621.347647
C5149,2120.123333
C3808,2814.733636
C6416,2224.666667
C9384,2224.942500
C4454,2689.819286
C3047,2576.757500
C2920,2678.497826
C7622,2418.498095
C2551,2025.142000
C7177,2282.660000
C9773,3029.923529
C4769,2556.295000
C1059,1269.622000
C6138,2928.165714
C1654,1667.032000
C3355,1829.746154
C4197,2877.827000
C1019,2387.625294
C6127,3392.763333
C4847,2749.525333
C7520,2054.306429
C2867,2891.332667
C6713,2554.983333
C1735,2985.478182
C1637,2355.950769
C9715,3284.772727
C7387,2462.237368
C7287,2199.785000
C4124,1850.748889
C9583,2201.601667
C7389,2314.621538
C9929,2705.785000
C5071,2656.793000
C8179,1910.118182
C9795,1482.993750
C8612,2211.277500
C8520,2759.430000
C6116,2549.318333
C2625,2622.503333
C7008,2225.990000
C5082,2902.292857
C3663,2656.493636
C5622,2292.144000
C5485,2644.200000
C3003,3248.266667
C7747,2784.874667
C3836,2870.354615
C9320,2339.191538
C3902,2620.291000
C8070,2513.178462
C3479,2075.281176
C8888,2597.812000
C9034,2383.430000
C4350,2443.071500
C3793,2119.966667
C8254,3744.024000
C7268,2606.054000
C3140,2682.393077
C2858,2421.090000
C4814,2424.752857
C3840,2266.910909
C2893,1331.326667
C7978,2631.250833
C3586,2024.556250
C7114,2609.098462
C4907,2377.798000
C1746,2630.757273
C5398,2737.952222
C7373,2234.501538
C9631,1646.317500
C5683,3114.686667
C6557,2839.913333
C2266,2240.786250
C2931,3220.190556
C8928,2426.989167
C6592,2167.848333
C3702,3513.490000
C1042,2182.617333
C5727,2178.504706
C1605,1946.151500
C3010,1795.394286
C7404,2476.363333
C2850,2936.408824
C8866,1339.714167
C6317,3330.152500
C6534,3028.641429
C5755,2283.024545
C4929,1847.324167
C9404,3083.894286
C1367,3347.402222
C8923,3059.326667
C8624,2190.902632
C1821,1592.047000
C2021,2247.520000
C3409,1566.103333
C4428,2224.785000
C5050,2581.243333
C6501,2497.145000
C3686,4016.306364
C1016,1943.074545
C3857,2766.164000
C2759,2486.800000
C3307,2841.729000
C8912,2879.492000
C9898,3138.195000
C9070,2597.635714
C9143,1505.363571
C5321,1987.991429
C5075,2537.673333
C5274,4297.886000
C3844,1703.841818
C4017,2030.708000
C7680,3034.008571
C8049,2585.713846
C2928,2462.723529
C1812,1880.145556
C6703,2419.001000
C9607,2327.042500
C3634,3539.767273
C7135,2410.074615
C3274,2421.063750
C4469,2784.242000
C1764,1661.999231
C5354,3005.513000
C1899,2125.001000
C1493,2776.713571
C5230,2323.203750
C2727,2912.786842
C5427,2771.748571
C6182,2433.379091
C2477,3070.835385
C1525,2601.232273
C1576,3482.396250
C5844,2314.291765
C7188,2144.451667
C3265,2808.936000
C2271,1644.462500
C9731,1588.150769
C8895,2608.673846
C9012,2545.280000
C9263,2291.988571
C3746,2269.151667
C9027,1853.141667
C4063,2403.051818
C1748,2590.357333
C4505,2176.291111
C4617,1990.397500
C1880,2963.753077
C8283,2779.242308
C1539,1309.362500
C9361,2751.501667
C1152,2570.686471
C6652,3699.239000
C1143,3475.062308
C9081,2005.793333
C4228,2042.567857
C2220,2334.731818
C1757,2407.533333
C2695,2766.408182
C1093,2263.387857
C7437,2224.360000
C7569,2273.152500
C3092,2615.724545
C4146,1847.086250
C8999,3028.715294
C1159,2633.031250
C2150,1749.403000
C8714,2935.193333
C4531,2268.830000
C7525,2072.998000
C1501,1871.390714
C4895,2862.710000
C5931,2672.858889
C2919,2729.336667
C9110,2527.568462
C3901,2549.486429
C4582,2204.468000
C6131,3035.005500
C3617,1844.074000
C6000,1795.328462
C7649,1891.535455
C4144,3415.677778
C3106,2992.571429
C4706,2750.720667
C9304,2443.140000
C3581,3023.690833
C4662,3975.375000
C5310,1983.217895
C9813,1249.439231
C1958,3062.364444
C3557,2645.551429
C3610,2501.832353
C6092,2412.712632
C6363,2861.469048
C8829,1540.040000
C5730,2689.248889
C9248,3389.008500
C4626,2570.894545
C8006,2473.480000
C8693,2040.804667
C6879,2399.935000
C6329,2629.514000
C1615,2261.248000
C7737,2537.165294
C5505,1308.615385
C5296,2929.558889
C3853,2731.892727
C3141,2691.722857
C5769,2057.362273
C1529,3412.806364
C8591,2510.362667
C7523,3609.120000
C9264,2263.030625
C3796,2644.137368
C2636,2738.668000
C2796,2964.123077
C6690,2071.857273
C7347,2076.710714
C6341,2389.464706
C7975,1899.786154
C7224,3107.281765
C5831,2813.090769
C9950,2627.565000
C1911,2854.208421
C9875,2656.739286
C4408,2329.410909
C6051,2409.004118
C6047,2633.378333
C2721,2024.051111
C5024,3208.490000
C2423,3399.518571
C8247,3276.353684
C9236,2894.923000
C1422,2878.450769
C1443,2064.327500
C3825,2468.160909
C2322,1697.864667
C7060,1785.760909
C9093,2206.561000
C5452,1813.325000
C6290,2624.363636
C7838,1895.686667
C8470,3066.559167
C4209,1147.987333
C9825,3251.358000
C4383,5269.996667
C3725,2858.490526
C8562,2461.614545
C7262,3614.820000
C6156,1909.592222
C5078,3228.606923
C9390,2889.018125
C7653,1994.736000
C4120,2781.135714
C5060,1904.460667
C6740,2122.790000
C4006,1590.362308
C1272,2873.621538
C2992,2694.967500
C9018,2890.198333
C1984,3386.700000
C6871,3561.425714
C2729,2768.506364
C9374,2738.863750
C8039,2960.716250
C3342,1912.676429
C1213,3246.766000
C1200,2469.460000
C2265,2943.288889
C1532,3348.980000
C6549,2460.182105
C3600,3011.910000
C1895,2338.142857
C1163,4178.921250
C6219,2566.600667
C7851,2678.426667
C5404,2840.590714
C4892,2282.433333
C9204,2685.163750
C7111,2760.604615
C9043,1613.195000
C3380,2195.339333
C3646,2507.128125
C9339,2956.143000
C9718,2228.625000
C7636,1705.659286
C9710,1875.093333
C5063,1784.180000
C2692,2645.224000
C8422,2571.432353
C9504,1617.974000
C2103,2723.058095
C2538,2649.848182
C6312,2413.496364
C4379,3045.986316
C6562,1801.200625
C2350,2395.691053
C2991,3151.886364
C4042,3066.062941
C4053,2046.135882
C6989,2377.279091
C9202,2523.756429
C9416,2356.261250
C5252,2423.361739
C9226,2727.775000
C1905,1539.948571
C7129,3231.658333
C9433,2181.288333
C8199,2432.819091
C5522,2846.590000
C3561,3211.710000
C3655,2129.758333
C1111,3162.388889
C5849,2260.808889
C4223,2123.305000
C8329,1988.330000
C6344,2811.466000
C5122,2798.062143
C8223,2826.498889
C2497,2848.797000
C2211,2222.780000
C8799,1770.588333
C3368,1717.873636
C6059,2854.113333
C9472,1419.215000
C5589,2555.011333
C2224,2123.723333
C6555,3681.116923
C2950,1922.577000
C7942,2554.615714
C7503,2439.507000
C7408,1995.790000
C3949,2357.908462
C5536,2328.036250
C2102,2473.840769
C7825,3385.543077
C7643,2557.238333
C2612,2461.158462
C2936,2803.315833
C3427,2909.498571
C5009,2585.954091
C2275,1676.261818
C5232,2670.938182
C4633,2421.129444
C2192,2325.910000
C9714,2684.775000
C9777,3253.520000
C7868,2502.370000
C9188,2847.386667
C6366,2911.077143
C1900,2149.359167
C3907,2613.778462
C5639,2712.337500
C5419,1878.140714
C3979,1677.780000
C2264,1546.116429
C5540,2662.311538
C4095,1641.161429
C4920,2296.868235
C3248,3039.194167
C6346,1977.056364
C4423,3129.769231
C7889,1813.140833
C3295,2589.799091
C5272,2095.178000
C2572,2138.347692
C8439,2509.130625
C4501,2338.980909
C8690,2365.662143
C3797,2943.439444
C1219,4814.620000
C1617,3158.694615
C5351,2567.333077
C4021,4511.368000
C3335,2023.347000
C3323,2619.937857
C8846,2510.668333
C1166,2885.471667
C9364,2596.755625
C7918,4230.335000
C7912,2699.240556
C2848,2160.488333
C2403,3388.800909
C8967,2279.436875
C7945,3053.313333
C4508,2809.185556
C4241,1982.430667
C1784,3369.084444
C8319,1896.533529
C6784,2846.497273
C8479,2502.925882
C4496,2653.894615
C6527,3012.949333
C9774,2608.160000
C3458,2503.401500
C7738,3215.950000
C4443,3149.073750
C3060,2959.509286
C5603,2926.137500
C3203,1969.731429
C5757,1747.307647
C4264,2475.750526
C6170,2888.486667
C3753,2262.605455
C4823,2463.546364
C5265,2180.837692
C8529,1940.092308
C8056,2962.400000
C2917,2332.464000
C5830,1757.914000
C8747,3501.925556
C4083,1899.080588
C9148,2609.491818
C8019,2348.978750
C4114,2306.821111
C2045,3460.942857
C3791,2628.455333
C4990,2743.852857
C3235,2534.078000
C1192,2346.050000
C6678,1836.476667
C3656,3371.968182
C8400,2124.868750
C6791,1753.725000
C6779,2339.101667
C4632,1510.066667
C9512,2229.821538
C1369,914.616250
C4984,2141.609091
C5605,1900.347500
C8893,1861.565714
C7909,2087.556667
C6223,3439.982500
C7455,2341.946000
C3633,2743.548182
C7801,2830.030000
C8523,2475.650000
C4815,2774.793333
C9163,1792.720000
C1658,2554.722727
C6585,2606.428000
C8144,1740.343636
C9266,1890.937500
C4982,2057.160000
C3218,1995.546250
C4979,2427.035556
C7760,3430.057000
C9878,3131.676250
C3786,1161.211429
C6510,2805.904375
C2869,2258.114286
C5349,2950.868000
C6619,3981.638000
C7331,1864.167143
C3720,2592.272000
C2157,2724.985000
C2613,2894.167273
C5986,2631.361250
C7231,1267.523000
C1300,2671.340000
C5892,2485.434286
C4074,2900.731818
C1014,2663.992000
C5444,2147.800000
C6492,2343.016154
C6913,2629.893750
C7461,2126.380000
C2238,2981.032000
C2031,2096.050000
C7233,2178.763750
C7320,1940.336000
C3776,1675.306667
C5048,2216.980000
C5994,1951.874545
C7204,2390.224000
C2091,2735.011818
C4946,2744.326364
C1909,1608.192222
C7458,1856.610000
C5538,2198.875455
C9023,2850.005000
C7332,2476.782727
C4536,2846.704000
C9001,3110.660000
C9488,1801.805000
C6221,4454.295000
C8379,2738.725385
C7753,2649.862500
C6841,2532.295000
C1970,3291.837000
C8255,2712.571765
C2602,1718.136667
C5571,2836.862500
C4729,1956.944286
C4182,1716.736667
C8832,1751.748750
C6959,2712.547000
C1648,2668.401000
C2317,1998.103750
C9412,2937.578182
C2557,2653.213000
C6612,2672.590000
C6048,2499.036667
C3558,1659.428333
C8181,2770.102000
C5010,3517.215714
C7964,3545.071250
C5687,3578.036000
C2405,1748.592667
C7963,2636.805000
C7604,1670.888571
C8446,2336.938182
C4702,1766.451250
C8880,2595.577500
C1980,2021.522222
C6189,1341.354000
C6662,2021.699000
C9060,1919.456000
C5495,2233.585714
C5410,1514.023000
C5244,3576.318182
C3063,2686.563846
C9058,3201.781667
C8678,3389.746250
C9446,1867.818182
C8550,2472.200909
C1673,2268.129091
C3145,2619.603333
C2326,2025.810000
C3373,3787.990000
C2443,2970.173750
C5883,1650.426111
C6144,2495.801111
C5132,3011.872500
C2024,2462.288182
C3809,1963.273333
C1902,2537.918333
C9623,2506.716364
C4148,2025.443333
C5962,2381.496364
C2504,1886.626250
C6892,2844.910000
C6321,1060.902857
C9134,1964.285714
C8426,1677.022000
C4430,2747.700000
C2397,2413.268750
C3155,2595.086364
C4573,2652.902857
C5631,2319.932500
C4139,2209.245833
C1250,2593.895556
C8945,2249.798235
C6236,2992.243846
C1026,2748.259000
C4613,2534.179375
C6330,2270.712143
C8318,2133.142727
C4302,2111.351538
C1444,1905.472222
C8163,3698.758571
C4282,2952.448000
C4889,2608.628182
C6374,2343.520000
C4193,1420.483750
C7289,1529.549091
C3168,2047.080833
C3884,2450.217778
C5779,2165.163333
C3783,3040.270000
C5331,2186.921429
C3076,2046.328889
C8789,1048.817143
C8351,3067.955556
C9916,1714.836250
C9747,2928.067273
C1741,2270.789286
C7375,2421.268000
C5394,2189.773846
C6669,2311.274000
C4506,2815.145556
C4490,2915.930000
C9498,2298.721000
C1954,2020.891000
C6645,2545.046667
C6800,1595.934000
C8516,1522.356000
C4574,2152.666000
C4373,2059.403333
C3923,3520.266154
C7335,2901.580000
C6743,3879.920000
C4211,3312.840667
C1438,2589.004444
C5156,4269.765000
C9567,4549.651667
C8276,1266.805455
C9823,2148.536000
C8797,2674.077500
C3278,1964.753333
C9022,2933.068750
C3312,2913.752727
C3611,1581.737500
C9743,2405.293846
C2706,1271.272857
C3602,1935.558333
C4203,2723.738750
C1063,3041.155556
C1803,1687.250000
C5436,3335.078000
C1724,2035.850000
C6778,1925.018333
C7614,2714.322500
C3591,1720.421538
C2489,2648.113846
C9242,3095.725556
C3107,2401.368750
C6079,3882.705000
C4456,1678.072000
C3338,3062.021818
C1065,2735.386250
C9111,1762.658333
C3326,3366.865385
C3691,1833.519333
C7211,4364.255000
C3760,2216.244545
C5406,2046.226250
C8226,2971.000000
C3414,1939.364118
C1259,2942.324167
C6883,3352.897500
C7546,3348.571429
C6396,2826.466250
C7327,3342.035556
C3407,2877.242500
C7926,2828.344167
C4545,1914.920714
C5489,1462.576667
C5551,3252.678000
C8390,3411.400000
C7626,2016.094667
C9889,2908.292500
C6854,2375.585714
C3673,2079.923750
C9203,2128.021250
C2669,3181.511429
C4542,3788.391429
C1598,1947.723000
C9156,2579.266667
C1147,3357.866000
C6843,2193.913333
C8683,2910.538000
C6481,1821.288182
C1946,1182.636000
C8733,2929.594000
C1289,1975.514000
C9050,2970.867857
C7351,3195.056000
C2060,3914.932500
C5154,2007.312500
C8326,3009.403333
C4466,1171.897143
C1275,2090.592500
C9671,2537.607778
C1511,3444.145000
C6173,1940.875000
C6939,2850.277143
C9426,2176.573333
C1922,1554.518000
C8060,2791.984615
C5255,2704.439167
C7229,2681.345000
C4858,3346.934000
C5966,3418.251667
C3021,2130.102222
C5898,3279.040000
C6427,1903.595833
C3613,2950.276667
C3491,2931.331250
C7894,1062.080000
C2910,2072.240000
C5243,2138.118462
C4872,2986.204000
C9949,3420.596000
C7648,2101.767500
C2216,2741.762143
C2671,2488.750000
C2553,1232.555714
C9998,2887.788750
C1779,3107.670000
C9180,2033.590000
C7442,1947.672143
C9544,3283.525714
C8013,2501.796667
C6842,2343.875000
C2285,2850.853000
C2125,2551.536667
C1940,2082.776364
C1165,1973.142500
C5645,1690.482000
C8904,2715.275455
C5528,1961.108750
C7573,2298.635000
C6175,2992.078571
C6767,3505.076000
C9415,3085.053333
C7346,3225.211818
C7710,2729.954545
C2957,2097.241250
C2532,2555.010000
C9906,1510.460000
C5793,3375.687143
C5396,1222.123750
C3075,2232.473750
C9586,2731.278000
C2609,2730.833846
C2208,2493.583333
C9651,2093.318000
C2814,3124.625455
C2176,1943.184444
C3096,2558.180000
C9876,2728.804444
C4561,1939.640000
C9346,3043.238667
C6066,2567.256000
C2990,3514.822000
C6816,3210.761667
C9937,3120.037000
C1504,3349.544444
C5242,1685.554000
C9784,2310.777000
C4923,2390.715000
C4024,3631.830000
C1364,2604.677500
C9342,1628.045556
C2027,4261.400000
C3031,2058.108000
C6969,2523.743333
C6822,2433.217857
C5758,2240.408000
C3139,2153.692667
C2459,2474.845000
C5226,2785.760000
C9198,3020.686667
C7716,2563.767500
C6671,2852.040909
C4782,2411.363000
C9634,2769.850909
C8694,2576.312000
C1788,2691.480000
C3297,3380.865000
C8701,3001.407500
C9966,1758.744286
C9254,2993.697273
C8815,1935.278000
C2295,2889.037500
C2172,1657.903750
C3225,2699.987778
C7300,1826.765714
C8808,2670.130625
C1350,1772.581667
C3428,3337.010000
C4939,2474.277500
C8026,3186.450000
C5041,1548.472500
C1592,1429.280000
C6827,2038.655714
C7168,2667.390000
C1390,2203.875000
C8830,1122.486667
C6798,2108.615000
C1850,1928.456667
C7717,2929.192000
C1604,3358.236250
C4687,2045.148000
C5383,1345.691429
C8592,2778.306667
C7509,2521.588750
C8053,1882.005000
C9280,2250.156667
C8782,1861.970000
